{
  "tail": {
    "optimistic": {
      "variance": 103997236.4212481,
      "adjusted_arithmetic_mean_rank_index": 0.9377784173335304,
      "geometric_mean_rank": 82.8688856321976,
      "standard_deviation": 10197.903530689437,
      "adjusted_arithmetic_mean_rank": 0.062241000281275126,
      "inverse_arithmetic_mean_rank": 0.0003326741719616894,
      "arithmetic_mean_rank": 3005.9442069195547,
      "inverse_harmonic_mean_rank": 0.11438081163252266,
      "inverse_median_rank": 0.01694915254237288,
      "z_arithmetic_mean_rank": 417.1479396947073,
      "harmonic_mean_rank": 8.742725162790009,
      "median_rank": 59.0,
      "z_geometric_mean_rank": 256.3258782518875,
      "z_inverse_harmonic_mean_rank": 7113.830643941492,
      "count": 65958.0,
      "inverse_geometric_mean_rank": 0.012067255307840936,
      "adjusted_inverse_harmonic_mean_rank": 0.1142702626733201,
      "median_absolute_deviation": 84.50832645481931,
      "adjusted_geometric_mean_rank_index": 0.9976961059371805,
      "hits_at_1": 0.012932472179265594,
      "hits_at_3": 0.16293702052821493,
      "hits_at_5": 0.21950332029473302,
      "hits_at_10": 0.2946268837745232,
      "z_hits_at_k": 7434.313696394329,
      "adjusted_hits_at_k": 0.2945538482724911
    },
    "realistic": {
      "variance": 103997344.0,
      "adjusted_arithmetic_mean_rank_index": 0.9377783641092938,
      "geometric_mean_rank": 82.86897277832031,
      "standard_deviation": 10197.9091796875,
      "adjusted_arithmetic_mean_rank": 0.062241053504409706,
      "inverse_arithmetic_mean_rank": 0.0003326738951727748,
      "arithmetic_mean_rank": 3005.94677734375,
      "inverse_harmonic_mean_rank": 0.11438080668449402,
      "inverse_median_rank": 0.016949152573943138,
      "z_arithmetic_mean_rank": 417.1479160191991,
      "harmonic_mean_rank": 8.742725372314453,
      "median_rank": 59.0,
      "z_geometric_mean_rank": 256.3258776218218,
      "z_inverse_harmonic_mean_rank": 7113.830335866313,
      "count": 65958.0,
      "inverse_geometric_mean_rank": 0.01206724252551794,
      "adjusted_inverse_harmonic_mean_rank": 0.11427025772467382,
      "median_absolute_deviation": 84.50833129882812,
      "adjusted_geometric_mean_rank_index": 0.9976961034847783,
      "hits_at_1": 0.012932472179265594,
      "hits_at_3": 0.16293702052821493,
      "hits_at_5": 0.21950332029473302,
      "hits_at_10": 0.2946268837745232,
      "z_hits_at_k": 7434.313696394329,
      "adjusted_hits_at_k": 0.2945538482724911
    },
    "pessimistic": {
      "variance": 103997460.31053662,
      "adjusted_arithmetic_mean_rank_index": 0.9377783090265975,
      "geometric_mean_rank": 82.86907225726175,
      "standard_deviation": 10197.91450790487,
      "adjusted_arithmetic_mean_rank": 0.06224110858596545,
      "inverse_arithmetic_mean_rank": 0.00033267359308104295,
      "arithmetic_mean_rank": 3005.9494375208465,
      "inverse_harmonic_mean_rank": 0.11438078762340319,
      "inverse_median_rank": 0.01694915254237288,
      "z_arithmetic_mean_rank": 417.14789151700023,
      "harmonic_mean_rank": 8.742726997933282,
      "median_rank": 59.0,
      "z_geometric_mean_rank": 256.32587690258987,
      "z_inverse_harmonic_mean_rank": 7113.829149080748,
      "count": 65958.0,
      "inverse_geometric_mean_rank": 0.012067228131812116,
      "adjusted_inverse_harmonic_mean_rank": 0.11427023866120366,
      "median_absolute_deviation": 84.50832645481931,
      "adjusted_geometric_mean_rank_index": 0.997696100685315,
      "hits_at_1": 0.012932472179265594,
      "hits_at_3": 0.16293702052821493,
      "hits_at_5": 0.21950332029473302,
      "hits_at_10": 0.2946268837745232,
      "z_hits_at_k": 7434.313696394329,
      "adjusted_hits_at_k": 0.2945538482724911
    }
  },
  "both": {
    "optimistic": {
      "variance": 103997236.4212481,
      "adjusted_arithmetic_mean_rank_index": 0.9377784173335304,
      "geometric_mean_rank": 82.8688856321976,
      "standard_deviation": 10197.903530689437,
      "adjusted_arithmetic_mean_rank": 0.062241000281275126,
      "inverse_arithmetic_mean_rank": 0.0003326741719616894,
      "arithmetic_mean_rank": 3005.9442069195547,
      "inverse_harmonic_mean_rank": 0.11438081163252266,
      "inverse_median_rank": 0.01694915254237288,
      "z_arithmetic_mean_rank": 417.1479396947073,
      "harmonic_mean_rank": 8.742725162790009,
      "median_rank": 59.0,
      "z_geometric_mean_rank": 256.3258782518875,
      "z_inverse_harmonic_mean_rank": 7113.830643941492,
      "count": 65958.0,
      "inverse_geometric_mean_rank": 0.012067255307840936,
      "adjusted_inverse_harmonic_mean_rank": 0.1142702626733201,
      "median_absolute_deviation": 84.50832645481931,
      "adjusted_geometric_mean_rank_index": 0.9976961059371805,
      "hits_at_1": 0.012932472179265594,
      "hits_at_3": 0.16293702052821493,
      "hits_at_5": 0.21950332029473302,
      "hits_at_10": 0.2946268837745232,
      "z_hits_at_k": 7434.313696394329,
      "adjusted_hits_at_k": 0.2945538482724911
    },
    "realistic": {
      "variance": 103997344.0,
      "adjusted_arithmetic_mean_rank_index": 0.9377783641092938,
      "geometric_mean_rank": 82.86897277832031,
      "standard_deviation": 10197.9091796875,
      "adjusted_arithmetic_mean_rank": 0.062241053504409706,
      "inverse_arithmetic_mean_rank": 0.0003326738951727748,
      "arithmetic_mean_rank": 3005.94677734375,
      "inverse_harmonic_mean_rank": 0.11438080668449402,
      "inverse_median_rank": 0.016949152573943138,
      "z_arithmetic_mean_rank": 417.1479160191991,
      "harmonic_mean_rank": 8.742725372314453,
      "median_rank": 59.0,
      "z_geometric_mean_rank": 256.3258776218218,
      "z_inverse_harmonic_mean_rank": 7113.830335866313,
      "count": 65958.0,
      "inverse_geometric_mean_rank": 0.01206724252551794,
      "adjusted_inverse_harmonic_mean_rank": 0.11427025772467382,
      "median_absolute_deviation": 84.50833129882812,
      "adjusted_geometric_mean_rank_index": 0.9976961034847783,
      "hits_at_1": 0.012932472179265594,
      "hits_at_3": 0.16293702052821493,
      "hits_at_5": 0.21950332029473302,
      "hits_at_10": 0.2946268837745232,
      "z_hits_at_k": 7434.313696394329,
      "adjusted_hits_at_k": 0.2945538482724911
    },
    "pessimistic": {
      "variance": 103997460.31053662,
      "adjusted_arithmetic_mean_rank_index": 0.9377783090265975,
      "geometric_mean_rank": 82.86907225726175,
      "standard_deviation": 10197.91450790487,
      "adjusted_arithmetic_mean_rank": 0.06224110858596545,
      "inverse_arithmetic_mean_rank": 0.00033267359308104295,
      "arithmetic_mean_rank": 3005.9494375208465,
      "inverse_harmonic_mean_rank": 0.11438078762340319,
      "inverse_median_rank": 0.01694915254237288,
      "z_arithmetic_mean_rank": 417.14789151700023,
      "harmonic_mean_rank": 8.742726997933282,
      "median_rank": 59.0,
      "z_geometric_mean_rank": 256.32587690258987,
      "z_inverse_harmonic_mean_rank": 7113.829149080748,
      "count": 65958.0,
      "inverse_geometric_mean_rank": 0.012067228131812116,
      "adjusted_inverse_harmonic_mean_rank": 0.11427023866120366,
      "median_absolute_deviation": 84.50832645481931,
      "adjusted_geometric_mean_rank_index": 0.997696100685315,
      "hits_at_1": 0.012932472179265594,
      "hits_at_3": 0.16293702052821493,
      "hits_at_5": 0.21950332029473302,
      "hits_at_10": 0.2946268837745232,
      "z_hits_at_k": 7434.313696394329,
      "adjusted_hits_at_k": 0.2945538482724911
    }
  }
}