{
  "tail": {
    "optimistic": {
      "inverse_geometric_mean_rank": 0.002330272571981904,
      "adjusted_inverse_harmonic_mean_rank": 0.05368231792160371,
      "median_absolute_deviation": 584.88657520046,
      "adjusted_geometric_mean_rank_index": 0.98600465244364,
      "variance": 217760222.24800026,
      "adjusted_arithmetic_mean_rank_index": 0.8344106915514342,
      "geometric_mean_rank": 429.1343476396398,
      "standard_deviation": 14756.700926968746,
      "adjusted_arithmetic_mean_rank": 0.16560937795163866,
      "inverse_arithmetic_mean_rank": 0.0001452351819838345,
      "arithmetic_mean_rank": 6885.384011921476,
      "inverse_harmonic_mean_rank": 0.053817812391765175,
      "inverse_median_rank": 0.0024968789013732834,
      "z_arithmetic_mean_rank": 411.82046334500205,
      "harmonic_mean_rank": 18.58120862885562,
      "median_rank": 400.5,
      "z_geometric_mean_rank": 281.0881733121399,
      "z_inverse_harmonic_mean_rank": 3440.552803725525,
      "count": 81198.0,
      "hits_at_1": 0.02270991896352127,
      "hits_at_3": 0.05114657996502377,
      "hits_at_5": 0.0730190398778295,
      "hits_at_10": 0.11226877509298258,
      "z_hits_at_k": 2914.246593611499,
      "adjusted_hits_at_k": 0.11216200103938968
    },
    "realistic": {
      "inverse_geometric_mean_rank": 0.002330271527171135,
      "adjusted_inverse_harmonic_mean_rank": 0.05368231788320561,
      "median_absolute_deviation": 584.8865966796875,
      "adjusted_geometric_mean_rank_index": 0.9860046467608036,
      "variance": 217760256.0,
      "adjusted_arithmetic_mean_rank_index": 0.8344106851672622,
      "geometric_mean_rank": 429.134521484375,
      "standard_deviation": 14756.7021484375,
      "adjusted_arithmetic_mean_rank": 0.165609384335657,
      "inverse_arithmetic_mean_rank": 0.00014523517165798694,
      "arithmetic_mean_rank": 6885.38427734375,
      "inverse_harmonic_mean_rank": 0.053817812353372574,
      "inverse_median_rank": 0.0024968788493424654,
      "z_arithmetic_mean_rank": 411.8204601941165,
      "harmonic_mean_rank": 18.581209182739258,
      "median_rank": 400.5,
      "z_geometric_mean_rank": 281.08817169208857,
      "z_inverse_harmonic_mean_rank": 3440.5528012645527,
      "count": 81198.0,
      "hits_at_1": 0.02270991896352127,
      "hits_at_3": 0.05114657996502377,
      "hits_at_5": 0.0730190398778295,
      "hits_at_10": 0.11226877509298258,
      "z_hits_at_k": 2914.246593611499,
      "adjusted_hits_at_k": 0.11216200103938968
    },
    "pessimistic": {
      "inverse_geometric_mean_rank": 0.002330271984468877,
      "adjusted_inverse_harmonic_mean_rank": 0.05368231749294049,
      "median_absolute_deviation": 584.88657520046,
      "adjusted_geometric_mean_rank_index": 0.9860046489068622,
      "variance": 217760233.43902555,
      "adjusted_arithmetic_mean_rank_index": 0.8344106776288539,
      "geometric_mean_rank": 429.13445583388545,
      "standard_deviation": 14756.701306153267,
      "adjusted_arithmetic_mean_rank": 0.1656093918738841,
      "inverse_arithmetic_mean_rank": 0.00014523516977438293,
      "arithmetic_mean_rank": 6885.384590753467,
      "inverse_harmonic_mean_rank": 0.05381781196316333,
      "inverse_median_rank": 0.0024968789013732834,
      "z_arithmetic_mean_rank": 411.82045647356153,
      "harmonic_mean_rank": 18.581208776835258,
      "median_rank": 400.5,
      "z_geometric_mean_rank": 281.0881723038825,
      "z_inverse_harmonic_mean_rank": 3440.552776252075,
      "count": 81198.0,
      "hits_at_1": 0.02270991896352127,
      "hits_at_3": 0.05114657996502377,
      "hits_at_5": 0.0730190398778295,
      "hits_at_10": 0.11226877509298258,
      "z_hits_at_k": 2914.246593611499,
      "adjusted_hits_at_k": 0.11216200103938968
    }
  },
  "both": {
    "optimistic": {
      "inverse_geometric_mean_rank": 0.002330272571981904,
      "adjusted_inverse_harmonic_mean_rank": 0.05368231792160371,
      "median_absolute_deviation": 584.88657520046,
      "adjusted_geometric_mean_rank_index": 0.98600465244364,
      "variance": 217760222.24800026,
      "adjusted_arithmetic_mean_rank_index": 0.8344106915514342,
      "geometric_mean_rank": 429.1343476396398,
      "standard_deviation": 14756.700926968746,
      "adjusted_arithmetic_mean_rank": 0.16560937795163866,
      "inverse_arithmetic_mean_rank": 0.0001452351819838345,
      "arithmetic_mean_rank": 6885.384011921476,
      "inverse_harmonic_mean_rank": 0.053817812391765175,
      "inverse_median_rank": 0.0024968789013732834,
      "z_arithmetic_mean_rank": 411.82046334500205,
      "harmonic_mean_rank": 18.58120862885562,
      "median_rank": 400.5,
      "z_geometric_mean_rank": 281.0881733121399,
      "z_inverse_harmonic_mean_rank": 3440.552803725525,
      "count": 81198.0,
      "hits_at_1": 0.02270991896352127,
      "hits_at_3": 0.05114657996502377,
      "hits_at_5": 0.0730190398778295,
      "hits_at_10": 0.11226877509298258,
      "z_hits_at_k": 2914.246593611499,
      "adjusted_hits_at_k": 0.11216200103938968
    },
    "realistic": {
      "inverse_geometric_mean_rank": 0.002330271527171135,
      "adjusted_inverse_harmonic_mean_rank": 0.05368231788320561,
      "median_absolute_deviation": 584.8865966796875,
      "adjusted_geometric_mean_rank_index": 0.9860046467608036,
      "variance": 217760256.0,
      "adjusted_arithmetic_mean_rank_index": 0.8344106851672622,
      "geometric_mean_rank": 429.134521484375,
      "standard_deviation": 14756.7021484375,
      "adjusted_arithmetic_mean_rank": 0.165609384335657,
      "inverse_arithmetic_mean_rank": 0.00014523517165798694,
      "arithmetic_mean_rank": 6885.38427734375,
      "inverse_harmonic_mean_rank": 0.053817812353372574,
      "inverse_median_rank": 0.0024968788493424654,
      "z_arithmetic_mean_rank": 411.8204601941165,
      "harmonic_mean_rank": 18.581209182739258,
      "median_rank": 400.5,
      "z_geometric_mean_rank": 281.08817169208857,
      "z_inverse_harmonic_mean_rank": 3440.5528012645527,
      "count": 81198.0,
      "hits_at_1": 0.02270991896352127,
      "hits_at_3": 0.05114657996502377,
      "hits_at_5": 0.0730190398778295,
      "hits_at_10": 0.11226877509298258,
      "z_hits_at_k": 2914.246593611499,
      "adjusted_hits_at_k": 0.11216200103938968
    },
    "pessimistic": {
      "inverse_geometric_mean_rank": 0.002330271984468877,
      "adjusted_inverse_harmonic_mean_rank": 0.05368231749294049,
      "median_absolute_deviation": 584.88657520046,
      "adjusted_geometric_mean_rank_index": 0.9860046489068622,
      "variance": 217760233.43902555,
      "adjusted_arithmetic_mean_rank_index": 0.8344106776288539,
      "geometric_mean_rank": 429.13445583388545,
      "standard_deviation": 14756.701306153267,
      "adjusted_arithmetic_mean_rank": 0.1656093918738841,
      "inverse_arithmetic_mean_rank": 0.00014523516977438293,
      "arithmetic_mean_rank": 6885.384590753467,
      "inverse_harmonic_mean_rank": 0.05381781196316333,
      "inverse_median_rank": 0.0024968789013732834,
      "z_arithmetic_mean_rank": 411.82045647356153,
      "harmonic_mean_rank": 18.581208776835258,
      "median_rank": 400.5,
      "z_geometric_mean_rank": 281.0881723038825,
      "z_inverse_harmonic_mean_rank": 3440.552776252075,
      "count": 81198.0,
      "hits_at_1": 0.02270991896352127,
      "hits_at_3": 0.05114657996502377,
      "hits_at_5": 0.0730190398778295,
      "hits_at_10": 0.11226877509298258,
      "z_hits_at_k": 2914.246593611499,
      "adjusted_hits_at_k": 0.11216200103938968
    }
  }
}