{
  "tail": {
    "optimistic": {
      "inverse_geometric_mean_rank": 0.0017561707694892837,
      "adjusted_inverse_harmonic_mean_rank": 0.0700556876786959,
      "median_absolute_deviation": 1372.8896543361875,
      "adjusted_geometric_mean_rank_index": 0.9834447831238414,
      "variance": 134942252.6733352,
      "adjusted_arithmetic_mean_rank_index": 0.8838202541451483,
      "geometric_mean_rank": 569.4207063307473,
      "standard_deviation": 11616.464723543699,
      "adjusted_arithmetic_mean_rank": 0.11619868589300013,
      "inverse_arithmetic_mean_rank": 0.00018442325502219788,
      "arithmetic_mean_rank": 5422.309674989937,
      "inverse_harmonic_mean_rank": 0.07017546988807805,
      "inverse_median_rank": 0.0010706638115631692,
      "z_arithmetic_mean_rank": 424.8170390759125,
      "harmonic_mean_rank": 14.249993645854985,
      "median_rank": 934.0,
      "z_geometric_mean_rank": 273.02120430831576,
      "z_inverse_harmonic_mean_rank": 4632.392491045214,
      "count": 77013.0,
      "hits_at_1": 0.0446158440782725,
      "hits_at_3": 0.0742082505551011,
      "hits_at_5": 0.08991988365600613,
      "hits_at_10": 0.11507148143819874,
      "z_hits_at_k": 3082.2837191936987,
      "adjusted_hits_at_k": 0.11497665131396533
    },
    "realistic": {
      "inverse_geometric_mean_rank": 0.0017561705317348242,
      "adjusted_inverse_harmonic_mean_rank": 0.07005569416369513,
      "median_absolute_deviation": 1372.8896484375,
      "adjusted_geometric_mean_rank_index": 0.9834447810840345,
      "variance": 134942240.0,
      "adjusted_arithmetic_mean_rank_index": 0.8838202354604778,
      "geometric_mean_rank": 569.4207763671875,
      "standard_deviation": 11616.4638671875,
      "adjusted_arithmetic_mean_rank": 0.11619870457727023,
      "inverse_arithmetic_mean_rank": 0.00018442323198542,
      "arithmetic_mean_rank": 5422.310546875,
      "inverse_harmonic_mean_rank": 0.07017547637224197,
      "inverse_median_rank": 0.0010706637986004353,
      "z_arithmetic_mean_rank": 424.81703009493884,
      "harmonic_mean_rank": 14.249992370605469,
      "median_rank": 934.0,
      "z_geometric_mean_rank": 273.02120374203025,
      "z_inverse_harmonic_mean_rank": 4632.392919862099,
      "count": 77013.0,
      "hits_at_1": 0.0446158440782725,
      "hits_at_3": 0.0742082505551011,
      "hits_at_5": 0.08991988365600613,
      "hits_at_10": 0.11507148143819874,
      "z_hits_at_k": 3082.2837191936987,
      "adjusted_hits_at_k": 0.11497665131396533
    },
    "pessimistic": {
      "inverse_geometric_mean_rank": 0.0017561700440629053,
      "adjusted_inverse_harmonic_mean_rank": 0.07005568669549515,
      "median_absolute_deviation": 1372.8896543361875,
      "adjusted_geometric_mean_rank_index": 0.9834447762732981,
      "variance": 134942255.31247938,
      "adjusted_arithmetic_mean_rank_index": 0.883820237727378,
      "geometric_mean_rank": 569.4209415430505,
      "standard_deviation": 11616.46483713868,
      "adjusted_arithmetic_mean_rank": 0.11619870231041865,
      "inverse_arithmetic_mean_rank": 0.00018442322896550616,
      "arithmetic_mean_rank": 5422.310441094361,
      "inverse_harmonic_mean_rank": 0.07017546890500395,
      "inverse_median_rank": 0.0010706638115631692,
      "z_arithmetic_mean_rank": 424.8170311845471,
      "harmonic_mean_rank": 14.249993845480294,
      "median_rank": 934.0,
      "z_geometric_mean_rank": 273.02120240648696,
      "z_inverse_harmonic_mean_rank": 4632.392426031625,
      "count": 77013.0,
      "hits_at_1": 0.0446158440782725,
      "hits_at_3": 0.0742082505551011,
      "hits_at_5": 0.08991988365600613,
      "hits_at_10": 0.11507148143819874,
      "z_hits_at_k": 3082.2837191936987,
      "adjusted_hits_at_k": 0.11497665131396533
    }
  },
  "both": {
    "optimistic": {
      "inverse_geometric_mean_rank": 0.0017561707694892837,
      "adjusted_inverse_harmonic_mean_rank": 0.0700556876786959,
      "median_absolute_deviation": 1372.8896543361875,
      "adjusted_geometric_mean_rank_index": 0.9834447831238414,
      "variance": 134942252.6733352,
      "adjusted_arithmetic_mean_rank_index": 0.8838202541451483,
      "geometric_mean_rank": 569.4207063307473,
      "standard_deviation": 11616.464723543699,
      "adjusted_arithmetic_mean_rank": 0.11619868589300013,
      "inverse_arithmetic_mean_rank": 0.00018442325502219788,
      "arithmetic_mean_rank": 5422.309674989937,
      "inverse_harmonic_mean_rank": 0.07017546988807805,
      "inverse_median_rank": 0.0010706638115631692,
      "z_arithmetic_mean_rank": 424.8170390759125,
      "harmonic_mean_rank": 14.249993645854985,
      "median_rank": 934.0,
      "z_geometric_mean_rank": 273.02120430831576,
      "z_inverse_harmonic_mean_rank": 4632.392491045214,
      "count": 77013.0,
      "hits_at_1": 0.0446158440782725,
      "hits_at_3": 0.0742082505551011,
      "hits_at_5": 0.08991988365600613,
      "hits_at_10": 0.11507148143819874,
      "z_hits_at_k": 3082.2837191936987,
      "adjusted_hits_at_k": 0.11497665131396533
    },
    "realistic": {
      "inverse_geometric_mean_rank": 0.0017561705317348242,
      "adjusted_inverse_harmonic_mean_rank": 0.07005569416369513,
      "median_absolute_deviation": 1372.8896484375,
      "adjusted_geometric_mean_rank_index": 0.9834447810840345,
      "variance": 134942240.0,
      "adjusted_arithmetic_mean_rank_index": 0.8838202354604778,
      "geometric_mean_rank": 569.4207763671875,
      "standard_deviation": 11616.4638671875,
      "adjusted_arithmetic_mean_rank": 0.11619870457727023,
      "inverse_arithmetic_mean_rank": 0.00018442323198542,
      "arithmetic_mean_rank": 5422.310546875,
      "inverse_harmonic_mean_rank": 0.07017547637224197,
      "inverse_median_rank": 0.0010706637986004353,
      "z_arithmetic_mean_rank": 424.81703009493884,
      "harmonic_mean_rank": 14.249992370605469,
      "median_rank": 934.0,
      "z_geometric_mean_rank": 273.02120374203025,
      "z_inverse_harmonic_mean_rank": 4632.392919862099,
      "count": 77013.0,
      "hits_at_1": 0.0446158440782725,
      "hits_at_3": 0.0742082505551011,
      "hits_at_5": 0.08991988365600613,
      "hits_at_10": 0.11507148143819874,
      "z_hits_at_k": 3082.2837191936987,
      "adjusted_hits_at_k": 0.11497665131396533
    },
    "pessimistic": {
      "inverse_geometric_mean_rank": 0.0017561700440629053,
      "adjusted_inverse_harmonic_mean_rank": 0.07005568669549515,
      "median_absolute_deviation": 1372.8896543361875,
      "adjusted_geometric_mean_rank_index": 0.9834447762732981,
      "variance": 134942255.31247938,
      "adjusted_arithmetic_mean_rank_index": 0.883820237727378,
      "geometric_mean_rank": 569.4209415430505,
      "standard_deviation": 11616.46483713868,
      "adjusted_arithmetic_mean_rank": 0.11619870231041865,
      "inverse_arithmetic_mean_rank": 0.00018442322896550616,
      "arithmetic_mean_rank": 5422.310441094361,
      "inverse_harmonic_mean_rank": 0.07017546890500395,
      "inverse_median_rank": 0.0010706638115631692,
      "z_arithmetic_mean_rank": 424.8170311845471,
      "harmonic_mean_rank": 14.249993845480294,
      "median_rank": 934.0,
      "z_geometric_mean_rank": 273.02120240648696,
      "z_inverse_harmonic_mean_rank": 4632.392426031625,
      "count": 77013.0,
      "hits_at_1": 0.0446158440782725,
      "hits_at_3": 0.0742082505551011,
      "hits_at_5": 0.08991988365600613,
      "hits_at_10": 0.11507148143819874,
      "z_hits_at_k": 3082.2837191936987,
      "adjusted_hits_at_k": 0.11497665131396533
    }
  }
}