{
  "tail": {
    "optimistic": {
      "z_arithmetic_mean_rank": 462.8978378476522,
      "harmonic_mean_rank": 2.3652997801113944,
      "median_rank": 4.0,
      "z_geometric_mean_rank": 270.1574392498791,
      "z_inverse_harmonic_mean_rank": 33055.60220737296,
      "count": 72969.0,
      "inverse_geometric_mean_rank": 0.09753932988956852,
      "adjusted_inverse_harmonic_mean_rank": 0.4227273896908154,
      "median_absolute_deviation": 4.447806655516806,
      "adjusted_geometric_mean_rank_index": 0.9998174564442859,
      "variance": 10819988.130663346,
      "adjusted_arithmetic_mean_rank_index": 0.9893694133457978,
      "geometric_mean_rank": 10.2522746581525,
      "standard_deviation": 3289.375036486923,
      "adjusted_arithmetic_mean_rank": 0.010644948980325539,
      "inverse_arithmetic_mean_rank": 0.0013637121812078185,
      "arithmetic_mean_rank": 733.2925625950746,
      "inverse_harmonic_mean_rank": 0.42277939075989124,
      "inverse_median_rank": 0.25,
      "hits_at_1": 0.3041839685345832,
      "hits_at_3": 0.496388877468514,
      "hits_at_5": 0.5668434540695364,
      "hits_at_10": 0.6251832970165413,
      "z_hits_at_k": 19820.84525123833,
      "adjusted_hits_at_k": 0.625156089436174
    },
    "realistic": {
      "z_arithmetic_mean_rank": 462.8978371617993,
      "harmonic_mean_rank": 2.365299701690674,
      "median_rank": 4.0,
      "z_geometric_mean_rank": 270.15743924556745,
      "z_inverse_harmonic_mean_rank": 33055.60379627231,
      "count": 72969.0,
      "inverse_geometric_mean_rank": 0.09753932058811188,
      "adjusted_inverse_harmonic_mean_rank": 0.42272741001025393,
      "median_absolute_deviation": 4.4478068351745605,
      "adjusted_geometric_mean_rank_index": 0.9998174564283293,
      "variance": 10819989.0,
      "adjusted_arithmetic_mean_rank_index": 0.9893694118798979,
      "geometric_mean_rank": 10.252275466918945,
      "standard_deviation": 3289.375244140625,
      "adjusted_arithmetic_mean_rank": 0.010644950446204088,
      "inverse_arithmetic_mean_rank": 0.0013637120136991143,
      "arithmetic_mean_rank": 733.2926635742188,
      "inverse_harmonic_mean_rank": 0.4227794110774994,
      "inverse_median_rank": 0.25,
      "hits_at_1": 0.3041839685345832,
      "hits_at_3": 0.496388877468514,
      "hits_at_5": 0.5668434540695364,
      "hits_at_10": 0.6251832970165413,
      "z_hits_at_k": 19820.84525123833,
      "adjusted_hits_at_k": 0.625156089436174
    },
    "pessimistic": {
      "z_arithmetic_mean_rank": 462.89783691684255,
      "harmonic_mean_rank": 2.365299784793495,
      "median_rank": 4.0,
      "z_geometric_mean_rank": 270.1574392410311,
      "z_inverse_harmonic_mean_rank": 33055.60214192559,
      "count": 72969.0,
      "inverse_geometric_mean_rank": 0.09753931409936252,
      "adjusted_inverse_harmonic_mean_rank": 0.4227273888538501,
      "median_absolute_deviation": 4.447806655516806,
      "adjusted_geometric_mean_rank_index": 0.9998174564115407,
      "variance": 10819989.26120025,
      "adjusted_arithmetic_mean_rank_index": 0.9893694113563423,
      "geometric_mean_rank": 10.252276317847674,
      "standard_deviation": 3289.3752083336813,
      "adjusted_arithmetic_mean_rank": 0.01064495096975209,
      "inverse_arithmetic_mean_rank": 0.001363711926344717,
      "arithmetic_mean_rank": 733.292699639573,
      "inverse_harmonic_mean_rank": 0.4227793899230013,
      "inverse_median_rank": 0.25,
      "hits_at_1": 0.3041839685345832,
      "hits_at_3": 0.496388877468514,
      "hits_at_5": 0.5668434540695364,
      "hits_at_10": 0.6251832970165413,
      "z_hits_at_k": 19820.84525123833,
      "adjusted_hits_at_k": 0.625156089436174
    }
  },
  "both": {
    "optimistic": {
      "z_arithmetic_mean_rank": 462.8978378476522,
      "harmonic_mean_rank": 2.3652997801113944,
      "median_rank": 4.0,
      "z_geometric_mean_rank": 270.1574392498791,
      "z_inverse_harmonic_mean_rank": 33055.60220737296,
      "count": 72969.0,
      "inverse_geometric_mean_rank": 0.09753932988956852,
      "adjusted_inverse_harmonic_mean_rank": 0.4227273896908154,
      "median_absolute_deviation": 4.447806655516806,
      "adjusted_geometric_mean_rank_index": 0.9998174564442859,
      "variance": 10819988.130663346,
      "adjusted_arithmetic_mean_rank_index": 0.9893694133457978,
      "geometric_mean_rank": 10.2522746581525,
      "standard_deviation": 3289.375036486923,
      "adjusted_arithmetic_mean_rank": 0.010644948980325539,
      "inverse_arithmetic_mean_rank": 0.0013637121812078185,
      "arithmetic_mean_rank": 733.2925625950746,
      "inverse_harmonic_mean_rank": 0.42277939075989124,
      "inverse_median_rank": 0.25,
      "hits_at_1": 0.3041839685345832,
      "hits_at_3": 0.496388877468514,
      "hits_at_5": 0.5668434540695364,
      "hits_at_10": 0.6251832970165413,
      "z_hits_at_k": 19820.84525123833,
      "adjusted_hits_at_k": 0.625156089436174
    },
    "realistic": {
      "z_arithmetic_mean_rank": 462.8978371617993,
      "harmonic_mean_rank": 2.365299701690674,
      "median_rank": 4.0,
      "z_geometric_mean_rank": 270.15743924556745,
      "z_inverse_harmonic_mean_rank": 33055.60379627231,
      "count": 72969.0,
      "inverse_geometric_mean_rank": 0.09753932058811188,
      "adjusted_inverse_harmonic_mean_rank": 0.42272741001025393,
      "median_absolute_deviation": 4.4478068351745605,
      "adjusted_geometric_mean_rank_index": 0.9998174564283293,
      "variance": 10819989.0,
      "adjusted_arithmetic_mean_rank_index": 0.9893694118798979,
      "geometric_mean_rank": 10.252275466918945,
      "standard_deviation": 3289.375244140625,
      "adjusted_arithmetic_mean_rank": 0.010644950446204088,
      "inverse_arithmetic_mean_rank": 0.0013637120136991143,
      "arithmetic_mean_rank": 733.2926635742188,
      "inverse_harmonic_mean_rank": 0.4227794110774994,
      "inverse_median_rank": 0.25,
      "hits_at_1": 0.3041839685345832,
      "hits_at_3": 0.496388877468514,
      "hits_at_5": 0.5668434540695364,
      "hits_at_10": 0.6251832970165413,
      "z_hits_at_k": 19820.84525123833,
      "adjusted_hits_at_k": 0.625156089436174
    },
    "pessimistic": {
      "z_arithmetic_mean_rank": 462.89783691684255,
      "harmonic_mean_rank": 2.365299784793495,
      "median_rank": 4.0,
      "z_geometric_mean_rank": 270.1574392410311,
      "z_inverse_harmonic_mean_rank": 33055.60214192559,
      "count": 72969.0,
      "inverse_geometric_mean_rank": 0.09753931409936252,
      "adjusted_inverse_harmonic_mean_rank": 0.4227273888538501,
      "median_absolute_deviation": 4.447806655516806,
      "adjusted_geometric_mean_rank_index": 0.9998174564115407,
      "variance": 10819989.26120025,
      "adjusted_arithmetic_mean_rank_index": 0.9893694113563423,
      "geometric_mean_rank": 10.252276317847674,
      "standard_deviation": 3289.3752083336813,
      "adjusted_arithmetic_mean_rank": 0.01064495096975209,
      "inverse_arithmetic_mean_rank": 0.001363711926344717,
      "arithmetic_mean_rank": 733.292699639573,
      "inverse_harmonic_mean_rank": 0.4227793899230013,
      "inverse_median_rank": 0.25,
      "hits_at_1": 0.3041839685345832,
      "hits_at_3": 0.496388877468514,
      "hits_at_5": 0.5668434540695364,
      "hits_at_10": 0.6251832970165413,
      "z_hits_at_k": 19820.84525123833,
      "adjusted_hits_at_k": 0.625156089436174
    }
  }
}