{
  "tail": {
    "optimistic": {
      "adjusted_geometric_mean_rank_index": 0.9992685894022021,
      "variance": 49682469.147191085,
      "adjusted_arithmetic_mean_rank_index": 0.9641108163346512,
      "geometric_mean_rank": 26.112865130553956,
      "standard_deviation": 7048.57922897878,
      "adjusted_arithmetic_mean_rank": 0.03590984430935992,
      "inverse_arithmetic_mean_rank": 0.0005967650457371478,
      "arithmetic_mean_rank": 1675.701362107696,
      "inverse_harmonic_mean_rank": 0.3647273825798701,
      "inverse_median_rank": 0.09090909090909091,
      "z_arithmetic_mean_rank": 463.409500308967,
      "harmonic_mean_rank": 2.7417738501742854,
      "median_rank": 11.0,
      "z_geometric_mean_rank": 277.41416537841934,
      "z_inverse_harmonic_mean_rank": 24111.979222187772,
      "count": 77013.0,
      "inverse_geometric_mean_rank": 0.03829529984551282,
      "adjusted_inverse_harmonic_mean_rank": 0.36464554524905096,
      "median_absolute_deviation": 14.82602218505602,
      "hits_at_1": 0.29714463791827356,
      "hits_at_3": 0.3954007764922805,
      "hits_at_5": 0.43771830729876776,
      "hits_at_10": 0.4936958695285212,
      "z_hits_at_k": 13233.49993589055,
      "adjusted_hits_at_k": 0.4936416133003791
    },
    "realistic": {
      "adjusted_geometric_mean_rank_index": 0.9992685891151996,
      "variance": 49682520.0,
      "adjusted_arithmetic_mean_rank_index": 0.9641107916354736,
      "geometric_mean_rank": 26.11287498474121,
      "standard_deviation": 7048.5830078125,
      "adjusted_arithmetic_mean_rank": 0.035909869008008216,
      "inverse_arithmetic_mean_rank": 0.0005967646138742566,
      "arithmetic_mean_rank": 1675.7025146484375,
      "inverse_harmonic_mean_rank": 0.3647273778915405,
      "inverse_median_rank": 0.09090909361839294,
      "z_arithmetic_mean_rank": 463.4094884370604,
      "harmonic_mean_rank": 2.741773843765259,
      "median_rank": 11.0,
      "z_geometric_mean_rank": 277.4141652987425,
      "z_inverse_harmonic_mean_rank": 24111.978912134713,
      "count": 77013.0,
      "inverse_geometric_mean_rank": 0.038295283913612366,
      "adjusted_inverse_harmonic_mean_rank": 0.36464554056011744,
      "median_absolute_deviation": 14.826022148132324,
      "hits_at_1": 0.29714463791827356,
      "hits_at_3": 0.3954007764922805,
      "hits_at_5": 0.43771830729876776,
      "hits_at_10": 0.4936958695285212,
      "z_hits_at_k": 13233.49993589055,
      "adjusted_hits_at_k": 0.4936416133003791
    },
    "pessimistic": {
      "adjusted_geometric_mean_rank_index": 0.9992685887430812,
      "variance": 49682575.576967195,
      "adjusted_arithmetic_mean_rank_index": 0.9641107684726766,
      "geometric_mean_rank": 26.112887761363403,
      "standard_deviation": 7048.586778707288,
      "adjusted_arithmetic_mean_rank": 0.03590989217030885,
      "inverse_arithmetic_mean_rank": 0.0005967642503646292,
      "arithmetic_mean_rank": 1675.7035954968642,
      "inverse_harmonic_mean_rank": 0.36472737629820673,
      "inverse_median_rank": 0.09090909090909091,
      "z_arithmetic_mean_rank": 463.4094773036305,
      "harmonic_mean_rank": 2.741773897395584,
      "median_rank": 11.0,
      "z_geometric_mean_rank": 277.41416519543606,
      "z_inverse_harmonic_mean_rank": 24111.978806762847,
      "count": 77013.0,
      "inverse_geometric_mean_rank": 0.038295266656780826,
      "adjusted_inverse_harmonic_mean_rank": 0.3646455389665784,
      "median_absolute_deviation": 14.82602218505602,
      "hits_at_1": 0.29714463791827356,
      "hits_at_3": 0.3954007764922805,
      "hits_at_5": 0.43771830729876776,
      "hits_at_10": 0.4936958695285212,
      "z_hits_at_k": 13233.49993589055,
      "adjusted_hits_at_k": 0.4936416133003791
    }
  },
  "both": {
    "optimistic": {
      "adjusted_geometric_mean_rank_index": 0.9992685894022021,
      "variance": 49682469.147191085,
      "adjusted_arithmetic_mean_rank_index": 0.9641108163346512,
      "geometric_mean_rank": 26.112865130553956,
      "standard_deviation": 7048.57922897878,
      "adjusted_arithmetic_mean_rank": 0.03590984430935992,
      "inverse_arithmetic_mean_rank": 0.0005967650457371478,
      "arithmetic_mean_rank": 1675.701362107696,
      "inverse_harmonic_mean_rank": 0.3647273825798701,
      "inverse_median_rank": 0.09090909090909091,
      "z_arithmetic_mean_rank": 463.409500308967,
      "harmonic_mean_rank": 2.7417738501742854,
      "median_rank": 11.0,
      "z_geometric_mean_rank": 277.41416537841934,
      "z_inverse_harmonic_mean_rank": 24111.979222187772,
      "count": 77013.0,
      "inverse_geometric_mean_rank": 0.03829529984551282,
      "adjusted_inverse_harmonic_mean_rank": 0.36464554524905096,
      "median_absolute_deviation": 14.82602218505602,
      "hits_at_1": 0.29714463791827356,
      "hits_at_3": 0.3954007764922805,
      "hits_at_5": 0.43771830729876776,
      "hits_at_10": 0.4936958695285212,
      "z_hits_at_k": 13233.49993589055,
      "adjusted_hits_at_k": 0.4936416133003791
    },
    "realistic": {
      "adjusted_geometric_mean_rank_index": 0.9992685891151996,
      "variance": 49682520.0,
      "adjusted_arithmetic_mean_rank_index": 0.9641107916354736,
      "geometric_mean_rank": 26.11287498474121,
      "standard_deviation": 7048.5830078125,
      "adjusted_arithmetic_mean_rank": 0.035909869008008216,
      "inverse_arithmetic_mean_rank": 0.0005967646138742566,
      "arithmetic_mean_rank": 1675.7025146484375,
      "inverse_harmonic_mean_rank": 0.3647273778915405,
      "inverse_median_rank": 0.09090909361839294,
      "z_arithmetic_mean_rank": 463.4094884370604,
      "harmonic_mean_rank": 2.741773843765259,
      "median_rank": 11.0,
      "z_geometric_mean_rank": 277.4141652987425,
      "z_inverse_harmonic_mean_rank": 24111.978912134713,
      "count": 77013.0,
      "inverse_geometric_mean_rank": 0.038295283913612366,
      "adjusted_inverse_harmonic_mean_rank": 0.36464554056011744,
      "median_absolute_deviation": 14.826022148132324,
      "hits_at_1": 0.29714463791827356,
      "hits_at_3": 0.3954007764922805,
      "hits_at_5": 0.43771830729876776,
      "hits_at_10": 0.4936958695285212,
      "z_hits_at_k": 13233.49993589055,
      "adjusted_hits_at_k": 0.4936416133003791
    },
    "pessimistic": {
      "adjusted_geometric_mean_rank_index": 0.9992685887430812,
      "variance": 49682575.576967195,
      "adjusted_arithmetic_mean_rank_index": 0.9641107684726766,
      "geometric_mean_rank": 26.112887761363403,
      "standard_deviation": 7048.586778707288,
      "adjusted_arithmetic_mean_rank": 0.03590989217030885,
      "inverse_arithmetic_mean_rank": 0.0005967642503646292,
      "arithmetic_mean_rank": 1675.7035954968642,
      "inverse_harmonic_mean_rank": 0.36472737629820673,
      "inverse_median_rank": 0.09090909090909091,
      "z_arithmetic_mean_rank": 463.4094773036305,
      "harmonic_mean_rank": 2.741773897395584,
      "median_rank": 11.0,
      "z_geometric_mean_rank": 277.41416519543606,
      "z_inverse_harmonic_mean_rank": 24111.978806762847,
      "count": 77013.0,
      "inverse_geometric_mean_rank": 0.038295266656780826,
      "adjusted_inverse_harmonic_mean_rank": 0.3646455389665784,
      "median_absolute_deviation": 14.82602218505602,
      "hits_at_1": 0.29714463791827356,
      "hits_at_3": 0.3954007764922805,
      "hits_at_5": 0.43771830729876776,
      "hits_at_10": 0.4936958695285212,
      "z_hits_at_k": 13233.49993589055,
      "adjusted_hits_at_k": 0.4936416133003791
    }
  }
}