{
  "tail": {
    "optimistic": {
      "z_inverse_harmonic_mean_rank": 18472.15157742208,
      "count": 48350.0,
      "inverse_geometric_mean_rank": 0.640199048181323,
      "adjusted_inverse_harmonic_mean_rank": 0.8010271162479693,
      "median_absolute_deviation": 0.0,
      "adjusted_geometric_mean_rank_index": 0.9999153623535754,
      "variance": 560285.6822307715,
      "adjusted_arithmetic_mean_rank_index": 0.993770850149667,
      "geometric_mean_rank": 1.5620141936180618,
      "standard_deviation": 748.5223324863271,
      "adjusted_arithmetic_mean_rank": 0.006339276652585424,
      "inverse_arithmetic_mean_rank": 0.017481032085919182,
      "arithmetic_mean_rank": 57.204860392967944,
      "inverse_harmonic_mean_rank": 0.8011415376001308,
      "inverse_median_rank": 1.0,
      "z_arithmetic_mean_rank": 378.4608558994201,
      "harmonic_mean_rank": 1.2482188890062573,
      "median_rank": 1.0,
      "z_geometric_mean_rank": 220.18438537627068,
      "hits_at_1": 0.7140641158221303,
      "hits_at_3": 0.8645915201654601,
      "hits_at_5": 0.909493278179938,
      "hits_at_10": 0.9600827300930713,
      "z_hits_at_k": 8965.53100753255,
      "adjusted_hits_at_k": 0.9600605990150924
    },
    "realistic": {
      "z_inverse_harmonic_mean_rank": 18472.1520960654,
      "count": 48350.0,
      "inverse_geometric_mean_rank": 0.6401990652084351,
      "adjusted_inverse_harmonic_mean_rank": 0.801027138738439,
      "median_absolute_deviation": 0.0,
      "adjusted_geometric_mean_rank_index": 0.9999153623672319,
      "variance": 560285.8125,
      "adjusted_arithmetic_mean_rank_index": 0.9937708488487097,
      "geometric_mean_rank": 1.562014102935791,
      "standard_deviation": 748.5223999023438,
      "adjusted_arithmetic_mean_rank": 0.006339277953398605,
      "inverse_arithmetic_mean_rank": 0.01748102903366089,
      "arithmetic_mean_rank": 57.204872131347656,
      "inverse_harmonic_mean_rank": 0.8011415600776672,
      "inverse_median_rank": 1.0,
      "z_arithmetic_mean_rank": 378.46085540397246,
      "harmonic_mean_rank": 1.2482188940048218,
      "median_rank": 1.0,
      "z_geometric_mean_rank": 220.1843853792779,
      "hits_at_1": 0.7140641158221303,
      "hits_at_3": 0.8645915201654601,
      "hits_at_5": 0.909493278179938,
      "hits_at_10": 0.9600827300930713,
      "z_hits_at_k": 8965.53100753255,
      "adjusted_hits_at_k": 0.9600605990150924
    },
    "pessimistic": {
      "z_inverse_harmonic_mean_rank": 18472.15157741688,
      "count": 48350.0,
      "inverse_geometric_mean_rank": 0.640199046799973,
      "adjusted_inverse_harmonic_mean_rank": 0.8010271162477438,
      "median_absolute_deviation": 0.0,
      "adjusted_geometric_mean_rank_index": 0.9999153623530679,
      "variance": 560286.0763691429,
      "adjusted_arithmetic_mean_rank_index": 0.9937708478574359,
      "geometric_mean_rank": 1.5620141969884018,
      "standard_deviation": 748.5225957639107,
      "adjusted_arithmetic_mean_rank": 0.006339278944562643,
      "inverse_arithmetic_mean_rank": 0.017481025765621928,
      "arithmetic_mean_rank": 57.20488107549121,
      "inverse_harmonic_mean_rank": 0.8011415375999056,
      "inverse_median_rank": 1.0,
      "z_arithmetic_mean_rank": 378.4608550264625,
      "harmonic_mean_rank": 1.2482188890066082,
      "median_rank": 1.0,
      "z_geometric_mean_rank": 220.18438537615893,
      "hits_at_1": 0.7140641158221303,
      "hits_at_3": 0.8645915201654601,
      "hits_at_5": 0.909493278179938,
      "hits_at_10": 0.9600827300930713,
      "z_hits_at_k": 8965.53100753255,
      "adjusted_hits_at_k": 0.9600605990150924
    }
  },
  "both": {
    "optimistic": {
      "z_inverse_harmonic_mean_rank": 18472.15157742208,
      "count": 48350.0,
      "inverse_geometric_mean_rank": 0.640199048181323,
      "adjusted_inverse_harmonic_mean_rank": 0.8010271162479693,
      "median_absolute_deviation": 0.0,
      "adjusted_geometric_mean_rank_index": 0.9999153623535754,
      "variance": 560285.6822307715,
      "adjusted_arithmetic_mean_rank_index": 0.993770850149667,
      "geometric_mean_rank": 1.5620141936180618,
      "standard_deviation": 748.5223324863271,
      "adjusted_arithmetic_mean_rank": 0.006339276652585424,
      "inverse_arithmetic_mean_rank": 0.017481032085919182,
      "arithmetic_mean_rank": 57.204860392967944,
      "inverse_harmonic_mean_rank": 0.8011415376001308,
      "inverse_median_rank": 1.0,
      "z_arithmetic_mean_rank": 378.4608558994201,
      "harmonic_mean_rank": 1.2482188890062573,
      "median_rank": 1.0,
      "z_geometric_mean_rank": 220.18438537627068,
      "hits_at_1": 0.7140641158221303,
      "hits_at_3": 0.8645915201654601,
      "hits_at_5": 0.909493278179938,
      "hits_at_10": 0.9600827300930713,
      "z_hits_at_k": 8965.53100753255,
      "adjusted_hits_at_k": 0.9600605990150924
    },
    "realistic": {
      "z_inverse_harmonic_mean_rank": 18472.1520960654,
      "count": 48350.0,
      "inverse_geometric_mean_rank": 0.6401990652084351,
      "adjusted_inverse_harmonic_mean_rank": 0.801027138738439,
      "median_absolute_deviation": 0.0,
      "adjusted_geometric_mean_rank_index": 0.9999153623672319,
      "variance": 560285.8125,
      "adjusted_arithmetic_mean_rank_index": 0.9937708488487097,
      "geometric_mean_rank": 1.562014102935791,
      "standard_deviation": 748.5223999023438,
      "adjusted_arithmetic_mean_rank": 0.006339277953398605,
      "inverse_arithmetic_mean_rank": 0.01748102903366089,
      "arithmetic_mean_rank": 57.204872131347656,
      "inverse_harmonic_mean_rank": 0.8011415600776672,
      "inverse_median_rank": 1.0,
      "z_arithmetic_mean_rank": 378.46085540397246,
      "harmonic_mean_rank": 1.2482188940048218,
      "median_rank": 1.0,
      "z_geometric_mean_rank": 220.1843853792779,
      "hits_at_1": 0.7140641158221303,
      "hits_at_3": 0.8645915201654601,
      "hits_at_5": 0.909493278179938,
      "hits_at_10": 0.9600827300930713,
      "z_hits_at_k": 8965.53100753255,
      "adjusted_hits_at_k": 0.9600605990150924
    },
    "pessimistic": {
      "z_inverse_harmonic_mean_rank": 18472.15157741688,
      "count": 48350.0,
      "inverse_geometric_mean_rank": 0.640199046799973,
      "adjusted_inverse_harmonic_mean_rank": 0.8010271162477438,
      "median_absolute_deviation": 0.0,
      "adjusted_geometric_mean_rank_index": 0.9999153623530679,
      "variance": 560286.0763691429,
      "adjusted_arithmetic_mean_rank_index": 0.9937708478574359,
      "geometric_mean_rank": 1.5620141969884018,
      "standard_deviation": 748.5225957639107,
      "adjusted_arithmetic_mean_rank": 0.006339278944562643,
      "inverse_arithmetic_mean_rank": 0.017481025765621928,
      "arithmetic_mean_rank": 57.20488107549121,
      "inverse_harmonic_mean_rank": 0.8011415375999056,
      "inverse_median_rank": 1.0,
      "z_arithmetic_mean_rank": 378.4608550264625,
      "harmonic_mean_rank": 1.2482188890066082,
      "median_rank": 1.0,
      "z_geometric_mean_rank": 220.18438537615893,
      "hits_at_1": 0.7140641158221303,
      "hits_at_3": 0.8645915201654601,
      "hits_at_5": 0.909493278179938,
      "hits_at_10": 0.9600827300930713,
      "z_hits_at_k": 8965.53100753255,
      "adjusted_hits_at_k": 0.9600605990150924
    }
  }
}