{
  "tail": {
    "optimistic": {
      "inverse_harmonic_mean_rank": 0.5297386514141665,
      "inverse_median_rank": 0.5,
      "z_arithmetic_mean_rank": 458.94986178155244,
      "harmonic_mean_rank": 1.8877233090891987,
      "median_rank": 2.0,
      "z_geometric_mean_rank": 270.1779593172141,
      "z_inverse_harmonic_mean_rank": 41420.14488135639,
      "count": 72969.0,
      "inverse_geometric_mean_rank": 0.156173695550967,
      "adjusted_inverse_harmonic_mean_rank": 0.5296962861685741,
      "median_absolute_deviation": 1.482602218505602,
      "adjusted_geometric_mean_rank_index": 0.9998933985378518,
      "variance": 45738000.40990616,
      "adjusted_arithmetic_mean_rank_index": 0.9809312517363544,
      "geometric_mean_rank": 6.403126957277206,
      "standard_deviation": 6762.987535838444,
      "adjusted_arithmetic_mean_rank": 0.01908298809595887,
      "inverse_arithmetic_mean_rank": 0.0007607114001124288,
      "arithmetic_mean_rank": 1314.5589770998643,
      "hits_at_1": 0.4170812262741712,
      "hits_at_3": 0.5874549466211679,
      "hits_at_5": 0.6738615028299689,
      "hits_at_10": 0.7661061546684208,
      "z_hits_at_k": 24289.18996945305,
      "adjusted_hits_at_k": 0.766089176541396
    },
    "realistic": {
      "inverse_harmonic_mean_rank": 0.5297386646270752,
      "inverse_median_rank": 0.5,
      "z_arithmetic_mean_rank": 458.9498527778096,
      "harmonic_mean_rank": 1.8877232074737549,
      "median_rank": 2.0,
      "z_geometric_mean_rank": 270.1779593083289,
      "z_inverse_harmonic_mean_rank": 41420.145914646426,
      "count": 72969.0,
      "inverse_geometric_mean_rank": 0.15617366135120392,
      "adjusted_inverse_harmonic_mean_rank": 0.529696299382673,
      "median_absolute_deviation": 1.4826022386550903,
      "adjusted_geometric_mean_rank_index": 0.9998933985049687,
      "variance": 45738064.0,
      "adjusted_arithmetic_mean_rank_index": 0.9809312324923074,
      "geometric_mean_rank": 6.403128623962402,
      "standard_deviation": 6762.9921875,
      "adjusted_arithmetic_mean_rank": 0.019083007339726576,
      "inverse_arithmetic_mean_rank": 0.0007607106235809624,
      "arithmetic_mean_rank": 1314.560302734375,
      "hits_at_1": 0.4170812262741712,
      "hits_at_3": 0.5874549466211679,
      "hits_at_5": 0.6738615028299689,
      "hits_at_10": 0.7661061546684208,
      "z_hits_at_k": 24289.18996945305,
      "adjusted_hits_at_k": 0.766089176541396
    },
    "pessimistic": {
      "inverse_harmonic_mean_rank": 0.5297386500169694,
      "inverse_median_rank": 0.5,
      "z_arithmetic_mean_rank": 458.9498440030878,
      "harmonic_mean_rank": 1.8877233140681098,
      "median_rank": 2.0,
      "z_geometric_mean_rank": 270.17795929934005,
      "z_inverse_harmonic_mean_rank": 41420.144772091284,
      "count": 72969.0,
      "inverse_geometric_mean_rank": 0.15617361377506445,
      "adjusted_inverse_harmonic_mean_rank": 0.5296962847712511,
      "median_absolute_deviation": 1.482602218505602,
      "adjusted_geometric_mean_rank_index": 0.999893398471702,
      "variance": 45738133.425912544,
      "adjusted_arithmetic_mean_rank_index": 0.9809312137377557,
      "geometric_mean_rank": 6.403130310093815,
      "standard_deviation": 6762.997369947185,
      "adjusted_arithmetic_mean_rank": 0.019083026094005976,
      "inverse_arithmetic_mean_rank": 0.0007607098853868568,
      "arithmetic_mean_rank": 1314.5615946497828,
      "hits_at_1": 0.4170812262741712,
      "hits_at_3": 0.5874549466211679,
      "hits_at_5": 0.6738615028299689,
      "hits_at_10": 0.7661061546684208,
      "z_hits_at_k": 24289.18996945305,
      "adjusted_hits_at_k": 0.766089176541396
    }
  },
  "both": {
    "optimistic": {
      "inverse_harmonic_mean_rank": 0.5297386514141665,
      "inverse_median_rank": 0.5,
      "z_arithmetic_mean_rank": 458.94986178155244,
      "harmonic_mean_rank": 1.8877233090891987,
      "median_rank": 2.0,
      "z_geometric_mean_rank": 270.1779593172141,
      "z_inverse_harmonic_mean_rank": 41420.14488135639,
      "count": 72969.0,
      "inverse_geometric_mean_rank": 0.156173695550967,
      "adjusted_inverse_harmonic_mean_rank": 0.5296962861685741,
      "median_absolute_deviation": 1.482602218505602,
      "adjusted_geometric_mean_rank_index": 0.9998933985378518,
      "variance": 45738000.40990616,
      "adjusted_arithmetic_mean_rank_index": 0.9809312517363544,
      "geometric_mean_rank": 6.403126957277206,
      "standard_deviation": 6762.987535838444,
      "adjusted_arithmetic_mean_rank": 0.01908298809595887,
      "inverse_arithmetic_mean_rank": 0.0007607114001124288,
      "arithmetic_mean_rank": 1314.5589770998643,
      "hits_at_1": 0.4170812262741712,
      "hits_at_3": 0.5874549466211679,
      "hits_at_5": 0.6738615028299689,
      "hits_at_10": 0.7661061546684208,
      "z_hits_at_k": 24289.18996945305,
      "adjusted_hits_at_k": 0.766089176541396
    },
    "realistic": {
      "inverse_harmonic_mean_rank": 0.5297386646270752,
      "inverse_median_rank": 0.5,
      "z_arithmetic_mean_rank": 458.9498527778096,
      "harmonic_mean_rank": 1.8877232074737549,
      "median_rank": 2.0,
      "z_geometric_mean_rank": 270.1779593083289,
      "z_inverse_harmonic_mean_rank": 41420.145914646426,
      "count": 72969.0,
      "inverse_geometric_mean_rank": 0.15617366135120392,
      "adjusted_inverse_harmonic_mean_rank": 0.529696299382673,
      "median_absolute_deviation": 1.4826022386550903,
      "adjusted_geometric_mean_rank_index": 0.9998933985049687,
      "variance": 45738064.0,
      "adjusted_arithmetic_mean_rank_index": 0.9809312324923074,
      "geometric_mean_rank": 6.403128623962402,
      "standard_deviation": 6762.9921875,
      "adjusted_arithmetic_mean_rank": 0.019083007339726576,
      "inverse_arithmetic_mean_rank": 0.0007607106235809624,
      "arithmetic_mean_rank": 1314.560302734375,
      "hits_at_1": 0.4170812262741712,
      "hits_at_3": 0.5874549466211679,
      "hits_at_5": 0.6738615028299689,
      "hits_at_10": 0.7661061546684208,
      "z_hits_at_k": 24289.18996945305,
      "adjusted_hits_at_k": 0.766089176541396
    },
    "pessimistic": {
      "inverse_harmonic_mean_rank": 0.5297386500169694,
      "inverse_median_rank": 0.5,
      "z_arithmetic_mean_rank": 458.9498440030878,
      "harmonic_mean_rank": 1.8877233140681098,
      "median_rank": 2.0,
      "z_geometric_mean_rank": 270.17795929934005,
      "z_inverse_harmonic_mean_rank": 41420.144772091284,
      "count": 72969.0,
      "inverse_geometric_mean_rank": 0.15617361377506445,
      "adjusted_inverse_harmonic_mean_rank": 0.5296962847712511,
      "median_absolute_deviation": 1.482602218505602,
      "adjusted_geometric_mean_rank_index": 0.999893398471702,
      "variance": 45738133.425912544,
      "adjusted_arithmetic_mean_rank_index": 0.9809312137377557,
      "geometric_mean_rank": 6.403130310093815,
      "standard_deviation": 6762.997369947185,
      "adjusted_arithmetic_mean_rank": 0.019083026094005976,
      "inverse_arithmetic_mean_rank": 0.0007607098853868568,
      "arithmetic_mean_rank": 1314.5615946497828,
      "hits_at_1": 0.4170812262741712,
      "hits_at_3": 0.5874549466211679,
      "hits_at_5": 0.6738615028299689,
      "hits_at_10": 0.7661061546684208,
      "z_hits_at_k": 24289.18996945305,
      "adjusted_hits_at_k": 0.766089176541396
    }
  }
}