{
  "tail": {
    "optimistic": {
      "z_inverse_harmonic_mean_rank": 8192.34804912714,
      "count": 81198.0,
      "inverse_geometric_mean_rank": 0.0147730686536725,
      "arithmetic_mean_rank": 1908.5520086701642,
      "adjusted_inverse_harmonic_mean_rank": 0.1278237125212735,
      "median_absolute_deviation": 62.269293177235284,
      "adjusted_geometric_mean_rank_index": 0.9978199363393143,
      "variance": 41377390.37621453,
      "adjusted_arithmetic_mean_rank_index": 0.9541178677135991,
      "geometric_mean_rank": 67.6907434361246,
      "standard_deviation": 6432.525971670423,
      "adjusted_arithmetic_mean_rank": 0.045905081023361965,
      "inverse_arithmetic_mean_rank": 0.0005239574271265352,
      "inverse_harmonic_mean_rank": 0.12794859137136513,
      "inverse_median_rank": 0.022727272727272728,
      "z_arithmetic_mean_rank": 470.9015192949974,
      "harmonic_mean_rank": 7.815638994395368,
      "median_rank": 44.0,
      "z_geometric_mean_rank": 284.4564500836222,
      "hits_at_1": 0.04852336264440011,
      "hits_at_3": 0.1445602108426316,
      "hits_at_5": 0.20102711889455405,
      "hits_at_10": 0.2893544175964925,
      "z_hits_at_k": 7515.923608957865,
      "adjusted_hits_at_k": 0.28926894295352373
    },
    "realistic": {
      "z_inverse_harmonic_mean_rank": 8192.346504304642,
      "count": 81198.0,
      "inverse_geometric_mean_rank": 0.0147730503231287,
      "arithmetic_mean_rank": 1908.5535888671875,
      "adjusted_inverse_harmonic_mean_rank": 0.1278236884176898,
      "median_absolute_deviation": 62.26929473876953,
      "adjusted_geometric_mean_rank_index": 0.9978199336267722,
      "variance": 41377436.0,
      "adjusted_arithmetic_mean_rank_index": 0.9541178297052992,
      "geometric_mean_rank": 67.69082641601562,
      "standard_deviation": 6432.529296875,
      "adjusted_arithmetic_mean_rank": 0.0459051190307477,
      "inverse_arithmetic_mean_rank": 0.0005239570164121687,
      "inverse_harmonic_mean_rank": 0.1279485672712326,
      "inverse_median_rank": 0.022727273404598236,
      "z_arithmetic_mean_rank": 470.9015005361346,
      "harmonic_mean_rank": 7.815640449523926,
      "median_rank": 44.0,
      "z_geometric_mean_rank": 284.4564493103363,
      "hits_at_1": 0.04852336264440011,
      "hits_at_3": 0.1445602108426316,
      "hits_at_5": 0.20102711889455405,
      "hits_at_10": 0.2893544175964925,
      "z_hits_at_k": 7515.923608957865,
      "adjusted_hits_at_k": 0.28926894295352373
    },
    "pessimistic": {
      "z_inverse_harmonic_mean_rank": 8192.344553392144,
      "count": 81198.0,
      "inverse_geometric_mean_rank": 0.014773027600885367,
      "arithmetic_mean_rank": 1908.55530924407,
      "adjusted_inverse_harmonic_mean_rank": 0.1278236579779579,
      "median_absolute_deviation": 62.269293177235284,
      "adjusted_geometric_mean_rank_index": 0.9978199301902924,
      "variance": 41377488.76338218,
      "adjusted_arithmetic_mean_rank_index": 0.954117788325269,
      "geometric_mean_rank": 67.69093154202655,
      "standard_deviation": 6432.533619296691,
      "adjusted_arithmetic_mean_rank": 0.045905160409782604,
      "inverse_arithmetic_mean_rank": 0.0005239565210169751,
      "inverse_harmonic_mean_rank": 0.12794853683585908,
      "inverse_median_rank": 0.022727272727272728,
      "z_arithmetic_mean_rank": 470.90148011316614,
      "harmonic_mean_rank": 7.81564232565525,
      "median_rank": 44.0,
      "z_geometric_mean_rank": 284.4564483306717,
      "hits_at_1": 0.04852336264440011,
      "hits_at_3": 0.1445602108426316,
      "hits_at_5": 0.20102711889455405,
      "hits_at_10": 0.2893544175964925,
      "z_hits_at_k": 7515.923608957865,
      "adjusted_hits_at_k": 0.28926894295352373
    }
  },
  "both": {
    "optimistic": {
      "z_inverse_harmonic_mean_rank": 8192.34804912714,
      "count": 81198.0,
      "inverse_geometric_mean_rank": 0.0147730686536725,
      "arithmetic_mean_rank": 1908.5520086701642,
      "adjusted_inverse_harmonic_mean_rank": 0.1278237125212735,
      "median_absolute_deviation": 62.269293177235284,
      "adjusted_geometric_mean_rank_index": 0.9978199363393143,
      "variance": 41377390.37621453,
      "adjusted_arithmetic_mean_rank_index": 0.9541178677135991,
      "geometric_mean_rank": 67.6907434361246,
      "standard_deviation": 6432.525971670423,
      "adjusted_arithmetic_mean_rank": 0.045905081023361965,
      "inverse_arithmetic_mean_rank": 0.0005239574271265352,
      "inverse_harmonic_mean_rank": 0.12794859137136513,
      "inverse_median_rank": 0.022727272727272728,
      "z_arithmetic_mean_rank": 470.9015192949974,
      "harmonic_mean_rank": 7.815638994395368,
      "median_rank": 44.0,
      "z_geometric_mean_rank": 284.4564500836222,
      "hits_at_1": 0.04852336264440011,
      "hits_at_3": 0.1445602108426316,
      "hits_at_5": 0.20102711889455405,
      "hits_at_10": 0.2893544175964925,
      "z_hits_at_k": 7515.923608957865,
      "adjusted_hits_at_k": 0.28926894295352373
    },
    "realistic": {
      "z_inverse_harmonic_mean_rank": 8192.346504304642,
      "count": 81198.0,
      "inverse_geometric_mean_rank": 0.0147730503231287,
      "arithmetic_mean_rank": 1908.5535888671875,
      "adjusted_inverse_harmonic_mean_rank": 0.1278236884176898,
      "median_absolute_deviation": 62.26929473876953,
      "adjusted_geometric_mean_rank_index": 0.9978199336267722,
      "variance": 41377436.0,
      "adjusted_arithmetic_mean_rank_index": 0.9541178297052992,
      "geometric_mean_rank": 67.69082641601562,
      "standard_deviation": 6432.529296875,
      "adjusted_arithmetic_mean_rank": 0.0459051190307477,
      "inverse_arithmetic_mean_rank": 0.0005239570164121687,
      "inverse_harmonic_mean_rank": 0.1279485672712326,
      "inverse_median_rank": 0.022727273404598236,
      "z_arithmetic_mean_rank": 470.9015005361346,
      "harmonic_mean_rank": 7.815640449523926,
      "median_rank": 44.0,
      "z_geometric_mean_rank": 284.4564493103363,
      "hits_at_1": 0.04852336264440011,
      "hits_at_3": 0.1445602108426316,
      "hits_at_5": 0.20102711889455405,
      "hits_at_10": 0.2893544175964925,
      "z_hits_at_k": 7515.923608957865,
      "adjusted_hits_at_k": 0.28926894295352373
    },
    "pessimistic": {
      "z_inverse_harmonic_mean_rank": 8192.344553392144,
      "count": 81198.0,
      "inverse_geometric_mean_rank": 0.014773027600885367,
      "arithmetic_mean_rank": 1908.55530924407,
      "adjusted_inverse_harmonic_mean_rank": 0.1278236579779579,
      "median_absolute_deviation": 62.269293177235284,
      "adjusted_geometric_mean_rank_index": 0.9978199301902924,
      "variance": 41377488.76338218,
      "adjusted_arithmetic_mean_rank_index": 0.954117788325269,
      "geometric_mean_rank": 67.69093154202655,
      "standard_deviation": 6432.533619296691,
      "adjusted_arithmetic_mean_rank": 0.045905160409782604,
      "inverse_arithmetic_mean_rank": 0.0005239565210169751,
      "inverse_harmonic_mean_rank": 0.12794853683585908,
      "inverse_median_rank": 0.022727272727272728,
      "z_arithmetic_mean_rank": 470.90148011316614,
      "harmonic_mean_rank": 7.81564232565525,
      "median_rank": 44.0,
      "z_geometric_mean_rank": 284.4564483306717,
      "hits_at_1": 0.04852336264440011,
      "hits_at_3": 0.1445602108426316,
      "hits_at_5": 0.20102711889455405,
      "hits_at_10": 0.2893544175964925,
      "z_hits_at_k": 7515.923608957865,
      "adjusted_hits_at_k": 0.28926894295352373
    }
  }
}