{
  "tail": {
    "optimistic": {
      "z_arithmetic_mean_rank": 417.83358363083187,
      "harmonic_mean_rank": 37.754023275967334,
      "median_rank": 1254.0,
      "z_geometric_mean_rank": 275.8194425614025,
      "z_inverse_harmonic_mean_rank": 1688.658785341939,
      "count": 81198.0,
      "inverse_geometric_mean_rank": 0.001005518098668137,
      "adjusted_inverse_harmonic_mean_rank": 0.02634783505652801,
      "median_absolute_deviation": 1774.6748555512056,
      "adjusted_geometric_mean_rank_index": 0.9675229320230124,
      "variance": 155816517.1034828,
      "adjusted_arithmetic_mean_rank_index": 0.846594184851712,
      "geometric_mean_rank": 994.5121836439881,
      "standard_deviation": 12482.648641353437,
      "adjusted_arithmetic_mean_rank": 0.15342617769249592,
      "inverse_arithmetic_mean_rank": 0.0001567679551610981,
      "arithmetic_mean_rank": 6378.854651592404,
      "inverse_harmonic_mean_rank": 0.02648724329829396,
      "inverse_median_rank": 0.0007974481658692185,
      "hits_at_1": 0.006650410108623365,
      "hits_at_3": 0.031823443927190324,
      "hits_at_5": 0.04097391561368507,
      "hits_at_10": 0.056491539200472916,
      "z_hits_at_k": 1464.841544407542,
      "adjusted_hits_at_k": 0.056378056402828496
    },
    "realistic": {
      "z_arithmetic_mean_rank": 417.8335043722602,
      "harmonic_mean_rank": 37.75403594970703,
      "median_rank": 1254.0,
      "z_geometric_mean_rank": 275.8194218672377,
      "z_inverse_harmonic_mean_rank": 1688.6582521294492,
      "count": 81198.0,
      "inverse_geometric_mean_rank": 0.0010055158054456115,
      "adjusted_inverse_harmonic_mean_rank": 0.02634782673691078,
      "median_absolute_deviation": 1774.6749267578125,
      "adjusted_geometric_mean_rank_index": 0.967522859431759,
      "variance": 155816704.0,
      "adjusted_arithmetic_mean_rank_index": 0.8465940242618302,
      "geometric_mean_rank": 994.514404296875,
      "standard_deviation": 12482.65625,
      "adjusted_arithmetic_mean_rank": 0.15342633827851526,
      "inverse_arithmetic_mean_rank": 0.00015676779730711132,
      "arithmetic_mean_rank": 6378.861328125,
      "inverse_harmonic_mean_rank": 0.026487234979867935,
      "inverse_median_rank": 0.0007974481559358537,
      "hits_at_1": 0.006650410108623365,
      "hits_at_3": 0.031823443927190324,
      "hits_at_5": 0.04097391561368507,
      "hits_at_10": 0.056491539200472916,
      "z_hits_at_k": 1464.841544407542,
      "adjusted_hits_at_k": 0.056378056402828496
    },
    "pessimistic": {
      "z_arithmetic_mean_rank": 417.8334169618483,
      "harmonic_mean_rank": 37.7540440708115,
      "median_rank": 1254.0,
      "z_geometric_mean_rank": 275.8194085077202,
      "z_inverse_harmonic_mean_rank": 1688.657850177234,
      "count": 81198.0,
      "inverse_geometric_mean_rank": 0.00100551440400334,
      "adjusted_inverse_harmonic_mean_rank": 0.02634782046532367,
      "median_absolute_deviation": 1774.6748555512056,
      "adjusted_geometric_mean_rank_index": 0.9675228125690745,
      "variance": 155816900.45212922,
      "adjusted_arithmetic_mean_rank_index": 0.846593847155084,
      "geometric_mean_rank": 994.5158378821974,
      "standard_deviation": 12482.66399660462,
      "adjusted_arithmetic_mean_rank": 0.15342651538100163,
      "inverse_arithmetic_mean_rank": 0.00015676761011815433,
      "arithmetic_mean_rank": 6378.868691347077,
      "inverse_harmonic_mean_rank": 0.026487228709178797,
      "inverse_median_rank": 0.0007974481658692185,
      "hits_at_1": 0.006650410108623365,
      "hits_at_3": 0.031823443927190324,
      "hits_at_5": 0.04097391561368507,
      "hits_at_10": 0.056491539200472916,
      "z_hits_at_k": 1464.841544407542,
      "adjusted_hits_at_k": 0.056378056402828496
    }
  },
  "both": {
    "optimistic": {
      "z_arithmetic_mean_rank": 417.83358363083187,
      "harmonic_mean_rank": 37.754023275967334,
      "median_rank": 1254.0,
      "z_geometric_mean_rank": 275.8194425614025,
      "z_inverse_harmonic_mean_rank": 1688.658785341939,
      "count": 81198.0,
      "inverse_geometric_mean_rank": 0.001005518098668137,
      "adjusted_inverse_harmonic_mean_rank": 0.02634783505652801,
      "median_absolute_deviation": 1774.6748555512056,
      "adjusted_geometric_mean_rank_index": 0.9675229320230124,
      "variance": 155816517.1034828,
      "adjusted_arithmetic_mean_rank_index": 0.846594184851712,
      "geometric_mean_rank": 994.5121836439881,
      "standard_deviation": 12482.648641353437,
      "adjusted_arithmetic_mean_rank": 0.15342617769249592,
      "inverse_arithmetic_mean_rank": 0.0001567679551610981,
      "arithmetic_mean_rank": 6378.854651592404,
      "inverse_harmonic_mean_rank": 0.02648724329829396,
      "inverse_median_rank": 0.0007974481658692185,
      "hits_at_1": 0.006650410108623365,
      "hits_at_3": 0.031823443927190324,
      "hits_at_5": 0.04097391561368507,
      "hits_at_10": 0.056491539200472916,
      "z_hits_at_k": 1464.841544407542,
      "adjusted_hits_at_k": 0.056378056402828496
    },
    "realistic": {
      "z_arithmetic_mean_rank": 417.8335043722602,
      "harmonic_mean_rank": 37.75403594970703,
      "median_rank": 1254.0,
      "z_geometric_mean_rank": 275.8194218672377,
      "z_inverse_harmonic_mean_rank": 1688.6582521294492,
      "count": 81198.0,
      "inverse_geometric_mean_rank": 0.0010055158054456115,
      "adjusted_inverse_harmonic_mean_rank": 0.02634782673691078,
      "median_absolute_deviation": 1774.6749267578125,
      "adjusted_geometric_mean_rank_index": 0.967522859431759,
      "variance": 155816704.0,
      "adjusted_arithmetic_mean_rank_index": 0.8465940242618302,
      "geometric_mean_rank": 994.514404296875,
      "standard_deviation": 12482.65625,
      "adjusted_arithmetic_mean_rank": 0.15342633827851526,
      "inverse_arithmetic_mean_rank": 0.00015676779730711132,
      "arithmetic_mean_rank": 6378.861328125,
      "inverse_harmonic_mean_rank": 0.026487234979867935,
      "inverse_median_rank": 0.0007974481559358537,
      "hits_at_1": 0.006650410108623365,
      "hits_at_3": 0.031823443927190324,
      "hits_at_5": 0.04097391561368507,
      "hits_at_10": 0.056491539200472916,
      "z_hits_at_k": 1464.841544407542,
      "adjusted_hits_at_k": 0.056378056402828496
    },
    "pessimistic": {
      "z_arithmetic_mean_rank": 417.8334169618483,
      "harmonic_mean_rank": 37.7540440708115,
      "median_rank": 1254.0,
      "z_geometric_mean_rank": 275.8194085077202,
      "z_inverse_harmonic_mean_rank": 1688.657850177234,
      "count": 81198.0,
      "inverse_geometric_mean_rank": 0.00100551440400334,
      "adjusted_inverse_harmonic_mean_rank": 0.02634782046532367,
      "median_absolute_deviation": 1774.6748555512056,
      "adjusted_geometric_mean_rank_index": 0.9675228125690745,
      "variance": 155816900.45212922,
      "adjusted_arithmetic_mean_rank_index": 0.846593847155084,
      "geometric_mean_rank": 994.5158378821974,
      "standard_deviation": 12482.66399660462,
      "adjusted_arithmetic_mean_rank": 0.15342651538100163,
      "inverse_arithmetic_mean_rank": 0.00015676761011815433,
      "arithmetic_mean_rank": 6378.868691347077,
      "inverse_harmonic_mean_rank": 0.026487228709178797,
      "inverse_median_rank": 0.0007974481658692185,
      "hits_at_1": 0.006650410108623365,
      "hits_at_3": 0.031823443927190324,
      "hits_at_5": 0.04097391561368507,
      "hits_at_10": 0.056491539200472916,
      "z_hits_at_k": 1464.841544407542,
      "adjusted_hits_at_k": 0.056378056402828496
    }
  }
}