{
  "tail": {
    "optimistic": {
      "median_absolute_deviation": 250.55977492744674,
      "adjusted_geometric_mean_rank_index": 0.9938028558963845,
      "variance": 18186261.74951929,
      "adjusted_arithmetic_mean_rank_index": 0.9235136655563561,
      "geometric_mean_rank": 104.78010572443036,
      "standard_deviation": 4264.535349779539,
      "adjusted_arithmetic_mean_rank": 0.07652691073402004,
      "inverse_arithmetic_mean_rank": 0.0005741360692849852,
      "arithmetic_mean_rank": 1741.747389683033,
      "inverse_harmonic_mean_rank": 0.19257377134036896,
      "inverse_median_rank": 0.0058823529411764705,
      "z_arithmetic_mean_rank": 286.92780098935765,
      "harmonic_mean_rank": 5.192815163974365,
      "median_rank": 170.0,
      "z_geometric_mean_rank": 178.4003615482286,
      "z_inverse_harmonic_mean_rank": 5743.936352491038,
      "count": 32180.0,
      "inverse_geometric_mean_rank": 0.009543796440041592,
      "adjusted_inverse_harmonic_mean_rank": 0.19237321156163847,
      "hits_at_1": 0.13123057799875698,
      "hits_at_3": 0.2201988812927284,
      "hits_at_5": 0.2584213797389683,
      "hits_at_10": 0.3076755748912368,
      "z_hits_at_k": 3721.378614743163,
      "adjusted_hits_at_k": 0.30752343453875014
    },
    "realistic": {
      "median_absolute_deviation": 250.55978393554688,
      "adjusted_geometric_mean_rank_index": 0.9938028522596984,
      "variance": 18186264.0,
      "adjusted_arithmetic_mean_rank_index": 0.9235136634982454,
      "geometric_mean_rank": 104.78016662597656,
      "standard_deviation": 4264.53564453125,
      "adjusted_arithmetic_mean_rank": 0.07652691279204032,
      "inverse_arithmetic_mean_rank": 0.0005741360364481807,
      "arithmetic_mean_rank": 1741.7474365234375,
      "inverse_harmonic_mean_rank": 0.19257377088069916,
      "inverse_median_rank": 0.0058823530562222,
      "z_arithmetic_mean_rank": 286.92780034992023,
      "harmonic_mean_rank": 5.19281530380249,
      "median_rank": 170.0,
      "z_geometric_mean_rank": 178.40036089539683,
      "z_inverse_harmonic_mean_rank": 5743.936338762671,
      "count": 32180.0,
      "inverse_geometric_mean_rank": 0.009543790481984615,
      "adjusted_inverse_harmonic_mean_rank": 0.19237321110185449,
      "hits_at_1": 0.13123057799875698,
      "hits_at_3": 0.2201988812927284,
      "hits_at_5": 0.2584213797389683,
      "hits_at_10": 0.3076755748912368,
      "z_hits_at_k": 3721.378614743163,
      "adjusted_hits_at_k": 0.30752343453875014
    },
    "pessimistic": {
      "median_absolute_deviation": 250.55977492744674,
      "adjusted_geometric_mean_rank_index": 0.9938028549540241,
      "variance": 18186263.914778452,
      "adjusted_arithmetic_mean_rank_index": 0.9235136546331018,
      "geometric_mean_rank": 104.78012150561258,
      "standard_deviation": 4264.535603647653,
      "adjusted_arithmetic_mean_rank": 0.07652692165679437,
      "inverse_arithmetic_mean_rank": 0.0005741359873378929,
      "arithmetic_mean_rank": 1741.747638284649,
      "inverse_harmonic_mean_rank": 0.19257377120019575,
      "inverse_median_rank": 0.0058823529411764705,
      "z_arithmetic_mean_rank": 286.9277975955959,
      "harmonic_mean_rank": 5.1928151677541825,
      "median_rank": 170.0,
      "z_geometric_mean_rank": 178.40036137906284,
      "z_inverse_harmonic_mean_rank": 5743.9363483046645,
      "count": 32180.0,
      "inverse_geometric_mean_rank": 0.009543795002627808,
      "adjusted_inverse_harmonic_mean_rank": 0.19237321142143043,
      "hits_at_1": 0.13123057799875698,
      "hits_at_3": 0.2201988812927284,
      "hits_at_5": 0.2584213797389683,
      "hits_at_10": 0.3076755748912368,
      "z_hits_at_k": 3721.378614743163,
      "adjusted_hits_at_k": 0.30752343453875014
    }
  },
  "both": {
    "optimistic": {
      "median_absolute_deviation": 250.55977492744674,
      "adjusted_geometric_mean_rank_index": 0.9938028558963845,
      "variance": 18186261.74951929,
      "adjusted_arithmetic_mean_rank_index": 0.9235136655563561,
      "geometric_mean_rank": 104.78010572443036,
      "standard_deviation": 4264.535349779539,
      "adjusted_arithmetic_mean_rank": 0.07652691073402004,
      "inverse_arithmetic_mean_rank": 0.0005741360692849852,
      "arithmetic_mean_rank": 1741.747389683033,
      "inverse_harmonic_mean_rank": 0.19257377134036896,
      "inverse_median_rank": 0.0058823529411764705,
      "z_arithmetic_mean_rank": 286.92780098935765,
      "harmonic_mean_rank": 5.192815163974365,
      "median_rank": 170.0,
      "z_geometric_mean_rank": 178.4003615482286,
      "z_inverse_harmonic_mean_rank": 5743.936352491038,
      "count": 32180.0,
      "inverse_geometric_mean_rank": 0.009543796440041592,
      "adjusted_inverse_harmonic_mean_rank": 0.19237321156163847,
      "hits_at_1": 0.13123057799875698,
      "hits_at_3": 0.2201988812927284,
      "hits_at_5": 0.2584213797389683,
      "hits_at_10": 0.3076755748912368,
      "z_hits_at_k": 3721.378614743163,
      "adjusted_hits_at_k": 0.30752343453875014
    },
    "realistic": {
      "median_absolute_deviation": 250.55978393554688,
      "adjusted_geometric_mean_rank_index": 0.9938028522596984,
      "variance": 18186264.0,
      "adjusted_arithmetic_mean_rank_index": 0.9235136634982454,
      "geometric_mean_rank": 104.78016662597656,
      "standard_deviation": 4264.53564453125,
      "adjusted_arithmetic_mean_rank": 0.07652691279204032,
      "inverse_arithmetic_mean_rank": 0.0005741360364481807,
      "arithmetic_mean_rank": 1741.7474365234375,
      "inverse_harmonic_mean_rank": 0.19257377088069916,
      "inverse_median_rank": 0.0058823530562222,
      "z_arithmetic_mean_rank": 286.92780034992023,
      "harmonic_mean_rank": 5.19281530380249,
      "median_rank": 170.0,
      "z_geometric_mean_rank": 178.40036089539683,
      "z_inverse_harmonic_mean_rank": 5743.936338762671,
      "count": 32180.0,
      "inverse_geometric_mean_rank": 0.009543790481984615,
      "adjusted_inverse_harmonic_mean_rank": 0.19237321110185449,
      "hits_at_1": 0.13123057799875698,
      "hits_at_3": 0.2201988812927284,
      "hits_at_5": 0.2584213797389683,
      "hits_at_10": 0.3076755748912368,
      "z_hits_at_k": 3721.378614743163,
      "adjusted_hits_at_k": 0.30752343453875014
    },
    "pessimistic": {
      "median_absolute_deviation": 250.55977492744674,
      "adjusted_geometric_mean_rank_index": 0.9938028549540241,
      "variance": 18186263.914778452,
      "adjusted_arithmetic_mean_rank_index": 0.9235136546331018,
      "geometric_mean_rank": 104.78012150561258,
      "standard_deviation": 4264.535603647653,
      "adjusted_arithmetic_mean_rank": 0.07652692165679437,
      "inverse_arithmetic_mean_rank": 0.0005741359873378929,
      "arithmetic_mean_rank": 1741.747638284649,
      "inverse_harmonic_mean_rank": 0.19257377120019575,
      "inverse_median_rank": 0.0058823529411764705,
      "z_arithmetic_mean_rank": 286.9277975955959,
      "harmonic_mean_rank": 5.1928151677541825,
      "median_rank": 170.0,
      "z_geometric_mean_rank": 178.40036137906284,
      "z_inverse_harmonic_mean_rank": 5743.9363483046645,
      "count": 32180.0,
      "inverse_geometric_mean_rank": 0.009543795002627808,
      "adjusted_inverse_harmonic_mean_rank": 0.19237321142143043,
      "hits_at_1": 0.13123057799875698,
      "hits_at_3": 0.2201988812927284,
      "hits_at_5": 0.2584213797389683,
      "hits_at_10": 0.3076755748912368,
      "z_hits_at_k": 3721.378614743163,
      "adjusted_hits_at_k": 0.30752343453875014
    }
  }
}