{
  "tail": {
    "optimistic": {
      "count": 48350.0,
      "inverse_geometric_mean_rank": 0.49381017351767703,
      "adjusted_inverse_harmonic_mean_rank": 0.6202129863087446,
      "median_absolute_deviation": 1.482602218505602,
      "adjusted_geometric_mean_rank_index": 0.9998456275937577,
      "variance": 204246.49250416548,
      "adjusted_arithmetic_mean_rank_index": 0.9962679243399843,
      "geometric_mean_rank": 2.0250696596152706,
      "standard_deviation": 451.93638103627535,
      "adjusted_arithmetic_mean_rank": 0.0038424791807848166,
      "inverse_arithmetic_mean_rank": 0.028839999737547053,
      "arithmetic_mean_rank": 34.674064115822134,
      "inverse_harmonic_mean_rank": 0.6204313866395862,
      "inverse_median_rank": 0.5,
      "z_arithmetic_mean_rank": 379.41182446040125,
      "harmonic_mean_rank": 1.6117817723830088,
      "median_rank": 2.0,
      "z_geometric_mean_rank": 220.1690295713617,
      "z_inverse_harmonic_mean_rank": 14302.47248937595,
      "hits_at_1": 0.34802481902792143,
      "hits_at_3": 0.8816546018614271,
      "hits_at_5": 0.9260599793174767,
      "hits_at_10": 0.9559255429162358,
      "z_hits_at_k": 8926.687569195212,
      "adjusted_hits_at_k": 0.9559011069954207
    },
    "realistic": {
      "count": 48350.0,
      "inverse_geometric_mean_rank": 0.49381014704704285,
      "adjusted_inverse_harmonic_mean_rank": 0.6202130228774434,
      "median_absolute_deviation": 1.4826022386550903,
      "adjusted_geometric_mean_rank_index": 0.999845627585629,
      "variance": 204246.515625,
      "adjusted_arithmetic_mean_rank_index": 0.9962679242823078,
      "geometric_mean_rank": 2.0250697135925293,
      "standard_deviation": 451.9364013671875,
      "adjusted_arithmetic_mean_rank": 0.0038424792384549587,
      "inverse_arithmetic_mean_rank": 0.028839999809861183,
      "arithmetic_mean_rank": 34.67406463623047,
      "inverse_harmonic_mean_rank": 0.6204314231872559,
      "inverse_median_rank": 0.5,
      "z_arithmetic_mean_rank": 379.4118244384361,
      "harmonic_mean_rank": 1.6117817163467407,
      "median_rank": 2.0,
      "z_geometric_mean_rank": 220.1690295695717,
      "z_inverse_harmonic_mean_rank": 14302.473332671434,
      "hits_at_1": 0.34802481902792143,
      "hits_at_3": 0.8816546018614271,
      "hits_at_5": 0.9260599793174767,
      "hits_at_10": 0.9559255429162358,
      "z_hits_at_k": 8926.687569195212,
      "adjusted_hits_at_k": 0.9559011069954207
    },
    "pessimistic": {
      "count": 48350.0,
      "inverse_geometric_mean_rank": 0.49381017351767703,
      "adjusted_inverse_harmonic_mean_rank": 0.6202129863087446,
      "median_absolute_deviation": 1.482602218505602,
      "adjusted_geometric_mean_rank_index": 0.9998456275937577,
      "variance": 204246.49250416548,
      "adjusted_arithmetic_mean_rank_index": 0.9962679243399843,
      "geometric_mean_rank": 2.0250696596152706,
      "standard_deviation": 451.93638103627535,
      "adjusted_arithmetic_mean_rank": 0.0038424791807848166,
      "inverse_arithmetic_mean_rank": 0.028839999737547053,
      "arithmetic_mean_rank": 34.674064115822134,
      "inverse_harmonic_mean_rank": 0.6204313866395862,
      "inverse_median_rank": 0.5,
      "z_arithmetic_mean_rank": 379.41182446040125,
      "harmonic_mean_rank": 1.6117817723830088,
      "median_rank": 2.0,
      "z_geometric_mean_rank": 220.1690295713617,
      "z_inverse_harmonic_mean_rank": 14302.47248937595,
      "hits_at_1": 0.34802481902792143,
      "hits_at_3": 0.8816546018614271,
      "hits_at_5": 0.9260599793174767,
      "hits_at_10": 0.9559255429162358,
      "z_hits_at_k": 8926.687569195212,
      "adjusted_hits_at_k": 0.9559011069954207
    }
  },
  "both": {
    "optimistic": {
      "count": 48350.0,
      "inverse_geometric_mean_rank": 0.49381017351767703,
      "adjusted_inverse_harmonic_mean_rank": 0.6202129863087446,
      "median_absolute_deviation": 1.482602218505602,
      "adjusted_geometric_mean_rank_index": 0.9998456275937577,
      "variance": 204246.49250416548,
      "adjusted_arithmetic_mean_rank_index": 0.9962679243399843,
      "geometric_mean_rank": 2.0250696596152706,
      "standard_deviation": 451.93638103627535,
      "adjusted_arithmetic_mean_rank": 0.0038424791807848166,
      "inverse_arithmetic_mean_rank": 0.028839999737547053,
      "arithmetic_mean_rank": 34.674064115822134,
      "inverse_harmonic_mean_rank": 0.6204313866395862,
      "inverse_median_rank": 0.5,
      "z_arithmetic_mean_rank": 379.41182446040125,
      "harmonic_mean_rank": 1.6117817723830088,
      "median_rank": 2.0,
      "z_geometric_mean_rank": 220.1690295713617,
      "z_inverse_harmonic_mean_rank": 14302.47248937595,
      "hits_at_1": 0.34802481902792143,
      "hits_at_3": 0.8816546018614271,
      "hits_at_5": 0.9260599793174767,
      "hits_at_10": 0.9559255429162358,
      "z_hits_at_k": 8926.687569195212,
      "adjusted_hits_at_k": 0.9559011069954207
    },
    "realistic": {
      "count": 48350.0,
      "inverse_geometric_mean_rank": 0.49381014704704285,
      "adjusted_inverse_harmonic_mean_rank": 0.6202130228774434,
      "median_absolute_deviation": 1.4826022386550903,
      "adjusted_geometric_mean_rank_index": 0.999845627585629,
      "variance": 204246.515625,
      "adjusted_arithmetic_mean_rank_index": 0.9962679242823078,
      "geometric_mean_rank": 2.0250697135925293,
      "standard_deviation": 451.9364013671875,
      "adjusted_arithmetic_mean_rank": 0.0038424792384549587,
      "inverse_arithmetic_mean_rank": 0.028839999809861183,
      "arithmetic_mean_rank": 34.67406463623047,
      "inverse_harmonic_mean_rank": 0.6204314231872559,
      "inverse_median_rank": 0.5,
      "z_arithmetic_mean_rank": 379.4118244384361,
      "harmonic_mean_rank": 1.6117817163467407,
      "median_rank": 2.0,
      "z_geometric_mean_rank": 220.1690295695717,
      "z_inverse_harmonic_mean_rank": 14302.473332671434,
      "hits_at_1": 0.34802481902792143,
      "hits_at_3": 0.8816546018614271,
      "hits_at_5": 0.9260599793174767,
      "hits_at_10": 0.9559255429162358,
      "z_hits_at_k": 8926.687569195212,
      "adjusted_hits_at_k": 0.9559011069954207
    },
    "pessimistic": {
      "count": 48350.0,
      "inverse_geometric_mean_rank": 0.49381017351767703,
      "adjusted_inverse_harmonic_mean_rank": 0.6202129863087446,
      "median_absolute_deviation": 1.482602218505602,
      "adjusted_geometric_mean_rank_index": 0.9998456275937577,
      "variance": 204246.49250416548,
      "adjusted_arithmetic_mean_rank_index": 0.9962679243399843,
      "geometric_mean_rank": 2.0250696596152706,
      "standard_deviation": 451.93638103627535,
      "adjusted_arithmetic_mean_rank": 0.0038424791807848166,
      "inverse_arithmetic_mean_rank": 0.028839999737547053,
      "arithmetic_mean_rank": 34.674064115822134,
      "inverse_harmonic_mean_rank": 0.6204313866395862,
      "inverse_median_rank": 0.5,
      "z_arithmetic_mean_rank": 379.41182446040125,
      "harmonic_mean_rank": 1.6117817723830088,
      "median_rank": 2.0,
      "z_geometric_mean_rank": 220.1690295713617,
      "z_inverse_harmonic_mean_rank": 14302.47248937595,
      "hits_at_1": 0.34802481902792143,
      "hits_at_3": 0.8816546018614271,
      "hits_at_5": 0.9260599793174767,
      "hits_at_10": 0.9559255429162358,
      "z_hits_at_k": 8926.687569195212,
      "adjusted_hits_at_k": 0.9559011069954207
    }
  }
}