{
  "tail": {
    "optimistic": {
      "median_absolute_deviation": 59.30408874022408,
      "adjusted_geometric_mean_rank_index": 0.9982988680525773,
      "variance": 35071223.09542659,
      "adjusted_arithmetic_mean_rank_index": 0.9633330030374756,
      "geometric_mean_rank": 59.40809156105463,
      "standard_deviation": 5922.096174111544,
      "adjusted_arithmetic_mean_rank": 0.03668764093819891,
      "inverse_arithmetic_mean_rank": 0.0005841133235518704,
      "arithmetic_mean_rank": 1711.9965590225027,
      "inverse_harmonic_mean_rank": 0.19373058056352188,
      "inverse_median_rank": 0.024390243902439025,
      "z_arithmetic_mean_rank": 463.03563657331455,
      "harmonic_mean_rank": 5.161807687207711,
      "median_rank": 41.0,
      "z_geometric_mean_rank": 277.14495403553434,
      "z_inverse_harmonic_mean_rank": 12803.456370696924,
      "count": 77013.0,
      "inverse_geometric_mean_rank": 0.01683272385500356,
      "adjusted_inverse_harmonic_mean_rank": 0.19362671501761536,
      "hits_at_1": 0.12451144611948632,
      "hits_at_3": 0.21065274693882852,
      "hits_at_5": 0.2573591471569735,
      "hits_at_10": 0.33263215301312765,
      "z_hits_at_k": 8915.255621891176,
      "adjusted_hits_at_k": 0.3325606369815932
    },
    "realistic": {
      "median_absolute_deviation": 59.3040885925293,
      "adjusted_geometric_mean_rank_index": 0.9982988675808548,
      "variance": 35071228.0,
      "adjusted_arithmetic_mean_rank_index": 0.9633329999284025,
      "geometric_mean_rank": 59.40810775756836,
      "standard_deviation": 5922.0966796875,
      "adjusted_arithmetic_mean_rank": 0.036687644047205425,
      "inverse_arithmetic_mean_rank": 0.0005841132951900363,
      "arithmetic_mean_rank": 1711.9967041015625,
      "inverse_harmonic_mean_rank": 0.19373059272766113,
      "inverse_median_rank": 0.024390242993831635,
      "z_arithmetic_mean_rank": 463.03563507890743,
      "harmonic_mean_rank": 5.161807537078857,
      "median_rank": 41.0,
      "z_geometric_mean_rank": 277.144953904576,
      "z_inverse_harmonic_mean_rank": 12803.45717514733,
      "count": 77013.0,
      "inverse_geometric_mean_rank": 0.01683271862566471,
      "adjusted_inverse_harmonic_mean_rank": 0.19362672718332163,
      "hits_at_1": 0.12451144611948632,
      "hits_at_3": 0.21065274693882852,
      "hits_at_5": 0.2573591471569735,
      "hits_at_10": 0.33263215301312765,
      "z_hits_at_k": 8915.255621891176,
      "adjusted_hits_at_k": 0.3325606369815932
    },
    "pessimistic": {
      "median_absolute_deviation": 59.30408874022408,
      "adjusted_geometric_mean_rank_index": 0.9982988678128166,
      "variance": 35071226.91565355,
      "adjusted_arithmetic_mean_rank_index": 0.9633329971938625,
      "geometric_mean_rank": 59.40809979319809,
      "standard_deviation": 5922.096496651633,
      "adjusted_arithmetic_mean_rank": 0.03668764678168686,
      "inverse_arithmetic_mean_rank": 0.0005841132305162177,
      "arithmetic_mean_rank": 1711.9968317037383,
      "inverse_harmonic_mean_rank": 0.19373058030038767,
      "inverse_median_rank": 0.024390243902439025,
      "z_arithmetic_mean_rank": 463.0356337645234,
      "harmonic_mean_rank": 5.1618076942187265,
      "median_rank": 41.0,
      "z_geometric_mean_rank": 277.14495396897263,
      "z_inverse_harmonic_mean_rank": 12803.456353295083,
      "count": 77013.0,
      "inverse_geometric_mean_rank": 0.01683272152250348,
      "adjusted_inverse_harmonic_mean_rank": 0.19362671475444726,
      "hits_at_1": 0.12451144611948632,
      "hits_at_3": 0.21065274693882852,
      "hits_at_5": 0.2573591471569735,
      "hits_at_10": 0.33263215301312765,
      "z_hits_at_k": 8915.255621891176,
      "adjusted_hits_at_k": 0.3325606369815932
    }
  },
  "both": {
    "optimistic": {
      "median_absolute_deviation": 59.30408874022408,
      "adjusted_geometric_mean_rank_index": 0.9982988680525773,
      "variance": 35071223.09542659,
      "adjusted_arithmetic_mean_rank_index": 0.9633330030374756,
      "geometric_mean_rank": 59.40809156105463,
      "standard_deviation": 5922.096174111544,
      "adjusted_arithmetic_mean_rank": 0.03668764093819891,
      "inverse_arithmetic_mean_rank": 0.0005841133235518704,
      "arithmetic_mean_rank": 1711.9965590225027,
      "inverse_harmonic_mean_rank": 0.19373058056352188,
      "inverse_median_rank": 0.024390243902439025,
      "z_arithmetic_mean_rank": 463.03563657331455,
      "harmonic_mean_rank": 5.161807687207711,
      "median_rank": 41.0,
      "z_geometric_mean_rank": 277.14495403553434,
      "z_inverse_harmonic_mean_rank": 12803.456370696924,
      "count": 77013.0,
      "inverse_geometric_mean_rank": 0.01683272385500356,
      "adjusted_inverse_harmonic_mean_rank": 0.19362671501761536,
      "hits_at_1": 0.12451144611948632,
      "hits_at_3": 0.21065274693882852,
      "hits_at_5": 0.2573591471569735,
      "hits_at_10": 0.33263215301312765,
      "z_hits_at_k": 8915.255621891176,
      "adjusted_hits_at_k": 0.3325606369815932
    },
    "realistic": {
      "median_absolute_deviation": 59.3040885925293,
      "adjusted_geometric_mean_rank_index": 0.9982988675808548,
      "variance": 35071228.0,
      "adjusted_arithmetic_mean_rank_index": 0.9633329999284025,
      "geometric_mean_rank": 59.40810775756836,
      "standard_deviation": 5922.0966796875,
      "adjusted_arithmetic_mean_rank": 0.036687644047205425,
      "inverse_arithmetic_mean_rank": 0.0005841132951900363,
      "arithmetic_mean_rank": 1711.9967041015625,
      "inverse_harmonic_mean_rank": 0.19373059272766113,
      "inverse_median_rank": 0.024390242993831635,
      "z_arithmetic_mean_rank": 463.03563507890743,
      "harmonic_mean_rank": 5.161807537078857,
      "median_rank": 41.0,
      "z_geometric_mean_rank": 277.144953904576,
      "z_inverse_harmonic_mean_rank": 12803.45717514733,
      "count": 77013.0,
      "inverse_geometric_mean_rank": 0.01683271862566471,
      "adjusted_inverse_harmonic_mean_rank": 0.19362672718332163,
      "hits_at_1": 0.12451144611948632,
      "hits_at_3": 0.21065274693882852,
      "hits_at_5": 0.2573591471569735,
      "hits_at_10": 0.33263215301312765,
      "z_hits_at_k": 8915.255621891176,
      "adjusted_hits_at_k": 0.3325606369815932
    },
    "pessimistic": {
      "median_absolute_deviation": 59.30408874022408,
      "adjusted_geometric_mean_rank_index": 0.9982988678128166,
      "variance": 35071226.91565355,
      "adjusted_arithmetic_mean_rank_index": 0.9633329971938625,
      "geometric_mean_rank": 59.40809979319809,
      "standard_deviation": 5922.096496651633,
      "adjusted_arithmetic_mean_rank": 0.03668764678168686,
      "inverse_arithmetic_mean_rank": 0.0005841132305162177,
      "arithmetic_mean_rank": 1711.9968317037383,
      "inverse_harmonic_mean_rank": 0.19373058030038767,
      "inverse_median_rank": 0.024390243902439025,
      "z_arithmetic_mean_rank": 463.0356337645234,
      "harmonic_mean_rank": 5.1618076942187265,
      "median_rank": 41.0,
      "z_geometric_mean_rank": 277.14495396897263,
      "z_inverse_harmonic_mean_rank": 12803.456353295083,
      "count": 77013.0,
      "inverse_geometric_mean_rank": 0.01683272152250348,
      "adjusted_inverse_harmonic_mean_rank": 0.19362671475444726,
      "hits_at_1": 0.12451144611948632,
      "hits_at_3": 0.21065274693882852,
      "hits_at_5": 0.2573591471569735,
      "hits_at_10": 0.33263215301312765,
      "z_hits_at_k": 8915.255621891176,
      "adjusted_hits_at_k": 0.3325606369815932
    }
  }
}