{
  "tail": {
    "optimistic": {
      "harmonic_mean_rank": 1.747012350986697,
      "median_rank": 2.0,
      "z_geometric_mean_rank": 179.47060774513346,
      "z_inverse_harmonic_mean_rank": 17087.89064049764,
      "count": 32180.0,
      "inverse_geometric_mean_rank": 0.20248271951572427,
      "adjusted_inverse_harmonic_mean_rank": 0.572299586833161,
      "median_absolute_deviation": 1.482602218505602,
      "adjusted_geometric_mean_rank_index": 0.9997648041669251,
      "variance": 4059454.265279242,
      "adjusted_arithmetic_mean_rank_index": 0.984235720571774,
      "geometric_mean_rank": 4.93869305188951,
      "standard_deviation": 2014.808741612772,
      "adjusted_arithmetic_mean_rank": 0.015807523655015445,
      "inverse_arithmetic_mean_rank": 0.002779490366880636,
      "arithmetic_mean_rank": 359.77818520820387,
      "inverse_harmonic_mean_rank": 0.5724057986397227,
      "inverse_median_rank": 0.5,
      "z_arithmetic_mean_rank": 305.7936243842205,
      "hits_at_1": 0.4586699813548788,
      "hits_at_3": 0.6584524549409572,
      "hits_at_5": 0.7023617153511498,
      "hits_at_10": 0.751491609695463,
      "z_hits_at_k": 9093.230841033224,
      "adjusted_hits_at_k": 0.7514369992372362
    },
    "realistic": {
      "harmonic_mean_rank": 1.7470124959945679,
      "median_rank": 2.0,
      "z_geometric_mean_rank": 179.47060768385325,
      "z_inverse_harmonic_mean_rank": 17087.889352692404,
      "count": 32180.0,
      "inverse_geometric_mean_rank": 0.20248249173164368,
      "adjusted_inverse_harmonic_mean_rank": 0.5722995437025945,
      "median_absolute_deviation": 1.4826022386550903,
      "adjusted_geometric_mean_rank_index": 0.9997648038255554,
      "variance": 4059455.0,
      "adjusted_arithmetic_mean_rank_index": 0.9842357146354547,
      "geometric_mean_rank": 4.938698768615723,
      "standard_deviation": 2014.8089599609375,
      "adjusted_arithmetic_mean_rank": 0.01580752959107395,
      "inverse_arithmetic_mean_rank": 0.0027794893831014633,
      "arithmetic_mean_rank": 359.7783203125,
      "inverse_harmonic_mean_rank": 0.5724057555198669,
      "inverse_median_rank": 0.5,
      "z_arithmetic_mean_rank": 305.7936225398568,
      "hits_at_1": 0.4586699813548788,
      "hits_at_3": 0.6584524549409572,
      "hits_at_5": 0.7023617153511498,
      "hits_at_10": 0.751491609695463,
      "z_hits_at_k": 9093.230841033224,
      "adjusted_hits_at_k": 0.7514369992372362
    },
    "pessimistic": {
      "harmonic_mean_rank": 1.7470127056908167,
      "median_rank": 2.0,
      "z_geometric_mean_rank": 179.47060762635485,
      "z_inverse_harmonic_mean_rank": 17087.887169557853,
      "count": 32180.0,
      "inverse_geometric_mean_rank": 0.2024822652182961,
      "adjusted_inverse_harmonic_mean_rank": 0.5722994705860801,
      "median_absolute_deviation": 1.482602218505602,
      "adjusted_geometric_mean_rank_index": 0.999764803505253,
      "variance": 4059454.9705377063,
      "adjusted_arithmetic_mean_rank_index": 0.9842357137447401,
      "geometric_mean_rank": 4.938704132541683,
      "standard_deviation": 2014.8089166314771,
      "adjusted_arithmetic_mean_rank": 0.015807530481749398,
      "inverse_arithmetic_mean_rank": 0.002779489166513426,
      "arithmetic_mean_rank": 359.7783405842138,
      "inverse_harmonic_mean_rank": 0.5724056824215097,
      "inverse_median_rank": 0.5,
      "z_arithmetic_mean_rank": 305.7936222631194,
      "hits_at_1": 0.4586699813548788,
      "hits_at_3": 0.6584524549409572,
      "hits_at_5": 0.7023617153511498,
      "hits_at_10": 0.751491609695463,
      "z_hits_at_k": 9093.230841033224,
      "adjusted_hits_at_k": 0.7514369992372362
    }
  },
  "both": {
    "optimistic": {
      "harmonic_mean_rank": 1.747012350986697,
      "median_rank": 2.0,
      "z_geometric_mean_rank": 179.47060774513346,
      "z_inverse_harmonic_mean_rank": 17087.89064049764,
      "count": 32180.0,
      "inverse_geometric_mean_rank": 0.20248271951572427,
      "adjusted_inverse_harmonic_mean_rank": 0.572299586833161,
      "median_absolute_deviation": 1.482602218505602,
      "adjusted_geometric_mean_rank_index": 0.9997648041669251,
      "variance": 4059454.265279242,
      "adjusted_arithmetic_mean_rank_index": 0.984235720571774,
      "geometric_mean_rank": 4.93869305188951,
      "standard_deviation": 2014.808741612772,
      "adjusted_arithmetic_mean_rank": 0.015807523655015445,
      "inverse_arithmetic_mean_rank": 0.002779490366880636,
      "arithmetic_mean_rank": 359.77818520820387,
      "inverse_harmonic_mean_rank": 0.5724057986397227,
      "inverse_median_rank": 0.5,
      "z_arithmetic_mean_rank": 305.7936243842205,
      "hits_at_1": 0.4586699813548788,
      "hits_at_3": 0.6584524549409572,
      "hits_at_5": 0.7023617153511498,
      "hits_at_10": 0.751491609695463,
      "z_hits_at_k": 9093.230841033224,
      "adjusted_hits_at_k": 0.7514369992372362
    },
    "realistic": {
      "harmonic_mean_rank": 1.7470124959945679,
      "median_rank": 2.0,
      "z_geometric_mean_rank": 179.47060768385325,
      "z_inverse_harmonic_mean_rank": 17087.889352692404,
      "count": 32180.0,
      "inverse_geometric_mean_rank": 0.20248249173164368,
      "adjusted_inverse_harmonic_mean_rank": 0.5722995437025945,
      "median_absolute_deviation": 1.4826022386550903,
      "adjusted_geometric_mean_rank_index": 0.9997648038255554,
      "variance": 4059455.0,
      "adjusted_arithmetic_mean_rank_index": 0.9842357146354547,
      "geometric_mean_rank": 4.938698768615723,
      "standard_deviation": 2014.8089599609375,
      "adjusted_arithmetic_mean_rank": 0.01580752959107395,
      "inverse_arithmetic_mean_rank": 0.0027794893831014633,
      "arithmetic_mean_rank": 359.7783203125,
      "inverse_harmonic_mean_rank": 0.5724057555198669,
      "inverse_median_rank": 0.5,
      "z_arithmetic_mean_rank": 305.7936225398568,
      "hits_at_1": 0.4586699813548788,
      "hits_at_3": 0.6584524549409572,
      "hits_at_5": 0.7023617153511498,
      "hits_at_10": 0.751491609695463,
      "z_hits_at_k": 9093.230841033224,
      "adjusted_hits_at_k": 0.7514369992372362
    },
    "pessimistic": {
      "harmonic_mean_rank": 1.7470127056908167,
      "median_rank": 2.0,
      "z_geometric_mean_rank": 179.47060762635485,
      "z_inverse_harmonic_mean_rank": 17087.887169557853,
      "count": 32180.0,
      "inverse_geometric_mean_rank": 0.2024822652182961,
      "adjusted_inverse_harmonic_mean_rank": 0.5722994705860801,
      "median_absolute_deviation": 1.482602218505602,
      "adjusted_geometric_mean_rank_index": 0.999764803505253,
      "variance": 4059454.9705377063,
      "adjusted_arithmetic_mean_rank_index": 0.9842357137447401,
      "geometric_mean_rank": 4.938704132541683,
      "standard_deviation": 2014.8089166314771,
      "adjusted_arithmetic_mean_rank": 0.015807530481749398,
      "inverse_arithmetic_mean_rank": 0.002779489166513426,
      "arithmetic_mean_rank": 359.7783405842138,
      "inverse_harmonic_mean_rank": 0.5724056824215097,
      "inverse_median_rank": 0.5,
      "z_arithmetic_mean_rank": 305.7936222631194,
      "hits_at_1": 0.4586699813548788,
      "hits_at_3": 0.6584524549409572,
      "hits_at_5": 0.7023617153511498,
      "hits_at_10": 0.751491609695463,
      "z_hits_at_k": 9093.230841033224,
      "adjusted_hits_at_k": 0.7514369992372362
    }
  }
}