{
  "tail": {
    "optimistic": {
      "variance": 54251789.922822334,
      "adjusted_arithmetic_mean_rank_index": 0.9564863418201093,
      "geometric_mean_rank": 62.630643856573,
      "standard_deviation": 7365.581438204477,
      "adjusted_arithmetic_mean_rank": 0.04353666388412079,
      "inverse_arithmetic_mean_rank": 0.0005524609834381113,
      "arithmetic_mean_rank": 1810.0825759255154,
      "inverse_harmonic_mean_rank": 0.13855229270960462,
      "inverse_median_rank": 0.018867924528301886,
      "z_arithmetic_mean_rank": 472.07047136361257,
      "harmonic_mean_rank": 7.217491536541559,
      "median_rank": 53.0,
      "z_geometric_mean_rank": 284.50360492514375,
      "z_inverse_harmonic_mean_rank": 8872.047066138293,
      "count": 81198.0,
      "inverse_geometric_mean_rank": 0.015966624936669102,
      "adjusted_inverse_harmonic_mean_rank": 0.1384289323227787,
      "median_absolute_deviation": 75.6127131437857,
      "adjusted_geometric_mean_rank_index": 0.9979853466893038,
      "hits_at_1": 0.07878272863863642,
      "hits_at_3": 0.14311928865242987,
      "hits_at_5": 0.18398236409763788,
      "hits_at_10": 0.2521121209882017,
      "z_hits_at_k": 6548.160113971608,
      "adjusted_hits_at_k": 0.25202216693653084
    },
    "realistic": {
      "variance": 54251792.0,
      "adjusted_arithmetic_mean_rank_index": 0.9564863373042675,
      "geometric_mean_rank": 62.630794525146484,
      "standard_deviation": 7365.58154296875,
      "adjusted_arithmetic_mean_rank": 0.04353666839985408,
      "inverse_arithmetic_mean_rank": 0.0005524609005078673,
      "arithmetic_mean_rank": 1810.082763671875,
      "inverse_harmonic_mean_rank": 0.13855169713497162,
      "inverse_median_rank": 0.01886792480945587,
      "z_arithmetic_mean_rank": 472.0704691348347,
      "harmonic_mean_rank": 7.217522621154785,
      "median_rank": 53.0,
      "z_geometric_mean_rank": 284.50360352107003,
      "z_inverse_harmonic_mean_rank": 8872.008889705396,
      "count": 81198.0,
      "inverse_geometric_mean_rank": 0.015966586768627167,
      "adjusted_inverse_harmonic_mean_rank": 0.13842833666285867,
      "median_absolute_deviation": 75.61271667480469,
      "adjusted_geometric_mean_rank_index": 0.9979853417640764,
      "hits_at_1": 0.07878272863863642,
      "hits_at_3": 0.14310697307815465,
      "hits_at_5": 0.18398236409763788,
      "hits_at_10": 0.2521121209882017,
      "z_hits_at_k": 6548.160113971608,
      "adjusted_hits_at_k": 0.25202216693653084
    },
    "pessimistic": {
      "variance": 54251796.912192315,
      "adjusted_arithmetic_mean_rank_index": 0.9564863344144815,
      "geometric_mean_rank": 62.63091781826131,
      "standard_deviation": 7365.581912665985,
      "adjusted_arithmetic_mean_rank": 0.04353667128957047,
      "inverse_arithmetic_mean_rank": 0.0005524608894662505,
      "arithmetic_mean_rank": 1810.0828838148723,
      "inverse_harmonic_mean_rank": 0.13855124558218496,
      "inverse_median_rank": 0.018867924528301886,
      "z_arithmetic_mean_rank": 472.070467708591,
      "harmonic_mean_rank": 7.217546084108109,
      "median_rank": 53.0,
      "z_geometric_mean_rank": 284.503602372107,
      "z_inverse_harmonic_mean_rank": 8871.97994509677,
      "count": 81198.0,
      "inverse_geometric_mean_rank": 0.015966555095068873,
      "adjusted_inverse_harmonic_mean_rank": 0.1384278850454091,
      "median_absolute_deviation": 75.6127131437857,
      "adjusted_geometric_mean_rank_index": 0.9979853377337293,
      "hits_at_1": 0.07878272863863642,
      "hits_at_3": 0.14310697307815465,
      "hits_at_5": 0.18398236409763788,
      "hits_at_10": 0.2521121209882017,
      "z_hits_at_k": 6548.160113971608,
      "adjusted_hits_at_k": 0.25202216693653084
    }
  },
  "both": {
    "optimistic": {
      "variance": 54251789.922822334,
      "adjusted_arithmetic_mean_rank_index": 0.9564863418201093,
      "geometric_mean_rank": 62.630643856573,
      "standard_deviation": 7365.581438204477,
      "adjusted_arithmetic_mean_rank": 0.04353666388412079,
      "inverse_arithmetic_mean_rank": 0.0005524609834381113,
      "arithmetic_mean_rank": 1810.0825759255154,
      "inverse_harmonic_mean_rank": 0.13855229270960462,
      "inverse_median_rank": 0.018867924528301886,
      "z_arithmetic_mean_rank": 472.07047136361257,
      "harmonic_mean_rank": 7.217491536541559,
      "median_rank": 53.0,
      "z_geometric_mean_rank": 284.50360492514375,
      "z_inverse_harmonic_mean_rank": 8872.047066138293,
      "count": 81198.0,
      "inverse_geometric_mean_rank": 0.015966624936669102,
      "adjusted_inverse_harmonic_mean_rank": 0.1384289323227787,
      "median_absolute_deviation": 75.6127131437857,
      "adjusted_geometric_mean_rank_index": 0.9979853466893038,
      "hits_at_1": 0.07878272863863642,
      "hits_at_3": 0.14311928865242987,
      "hits_at_5": 0.18398236409763788,
      "hits_at_10": 0.2521121209882017,
      "z_hits_at_k": 6548.160113971608,
      "adjusted_hits_at_k": 0.25202216693653084
    },
    "realistic": {
      "variance": 54251792.0,
      "adjusted_arithmetic_mean_rank_index": 0.9564863373042675,
      "geometric_mean_rank": 62.630794525146484,
      "standard_deviation": 7365.58154296875,
      "adjusted_arithmetic_mean_rank": 0.04353666839985408,
      "inverse_arithmetic_mean_rank": 0.0005524609005078673,
      "arithmetic_mean_rank": 1810.082763671875,
      "inverse_harmonic_mean_rank": 0.13855169713497162,
      "inverse_median_rank": 0.01886792480945587,
      "z_arithmetic_mean_rank": 472.0704691348347,
      "harmonic_mean_rank": 7.217522621154785,
      "median_rank": 53.0,
      "z_geometric_mean_rank": 284.50360352107003,
      "z_inverse_harmonic_mean_rank": 8872.008889705396,
      "count": 81198.0,
      "inverse_geometric_mean_rank": 0.015966586768627167,
      "adjusted_inverse_harmonic_mean_rank": 0.13842833666285867,
      "median_absolute_deviation": 75.61271667480469,
      "adjusted_geometric_mean_rank_index": 0.9979853417640764,
      "hits_at_1": 0.07878272863863642,
      "hits_at_3": 0.14310697307815465,
      "hits_at_5": 0.18398236409763788,
      "hits_at_10": 0.2521121209882017,
      "z_hits_at_k": 6548.160113971608,
      "adjusted_hits_at_k": 0.25202216693653084
    },
    "pessimistic": {
      "variance": 54251796.912192315,
      "adjusted_arithmetic_mean_rank_index": 0.9564863344144815,
      "geometric_mean_rank": 62.63091781826131,
      "standard_deviation": 7365.581912665985,
      "adjusted_arithmetic_mean_rank": 0.04353667128957047,
      "inverse_arithmetic_mean_rank": 0.0005524608894662505,
      "arithmetic_mean_rank": 1810.0828838148723,
      "inverse_harmonic_mean_rank": 0.13855124558218496,
      "inverse_median_rank": 0.018867924528301886,
      "z_arithmetic_mean_rank": 472.070467708591,
      "harmonic_mean_rank": 7.217546084108109,
      "median_rank": 53.0,
      "z_geometric_mean_rank": 284.503602372107,
      "z_inverse_harmonic_mean_rank": 8871.97994509677,
      "count": 81198.0,
      "inverse_geometric_mean_rank": 0.015966555095068873,
      "adjusted_inverse_harmonic_mean_rank": 0.1384278850454091,
      "median_absolute_deviation": 75.6127131437857,
      "adjusted_geometric_mean_rank_index": 0.9979853377337293,
      "hits_at_1": 0.07878272863863642,
      "hits_at_3": 0.14310697307815465,
      "hits_at_5": 0.18398236409763788,
      "hits_at_10": 0.2521121209882017,
      "z_hits_at_k": 6548.160113971608,
      "adjusted_hits_at_k": 0.25202216693653084
    }
  }
}