{
  "tail": {
    "optimistic": {
      "variance": 256489390.71862438,
      "adjusted_arithmetic_mean_rank_index": 0.8500406429771104,
      "geometric_mean_rank": 275.55296593840103,
      "standard_deviation": 16015.286157875056,
      "adjusted_arithmetic_mean_rank": 0.149976957941688,
      "inverse_arithmetic_mean_rank": 0.0001380610296062352,
      "arithmetic_mean_rank": 7243.173564995906,
      "inverse_harmonic_mean_rank": 0.11639904251592545,
      "inverse_median_rank": 0.003115264797507788,
      "z_arithmetic_mean_rank": 378.11992291623767,
      "harmonic_mean_rank": 8.591135961132862,
      "median_rank": 321.0,
      "z_geometric_mean_rank": 254.93277393517357,
      "z_inverse_harmonic_mean_rank": 7239.490151065692,
      "count": 65958.0,
      "inverse_geometric_mean_rank": 0.0036290663633195904,
      "adjusted_inverse_harmonic_mean_rank": 0.11628874548591156,
      "median_absolute_deviation": 472.950107703287,
      "adjusted_geometric_mean_rank_index": 0.9922737320378743,
      "hits_at_1": 0.0560508202189272,
      "hits_at_3": 0.14410685587798297,
      "hits_at_5": 0.1769459352921556,
      "hits_at_10": 0.22368780132811789,
      "z_hits_at_k": 5643.680162033196,
      "adjusted_hits_at_k": 0.2236074206758653
    },
    "realistic": {
      "variance": 256489408.0,
      "adjusted_arithmetic_mean_rank_index": 0.8500406274181058,
      "geometric_mean_rank": 275.5531921386719,
      "standard_deviation": 16015.287109375,
      "adjusted_arithmetic_mean_rank": 0.14997697350037045,
      "inverse_arithmetic_mean_rank": 0.00013806101924274117,
      "arithmetic_mean_rank": 7243.17431640625,
      "inverse_harmonic_mean_rank": 0.11639901995658875,
      "inverse_median_rank": 0.0031152646988630295,
      "z_arithmetic_mean_rank": 378.11991599519257,
      "harmonic_mean_rank": 8.591137886047363,
      "median_rank": 321.0,
      "z_geometric_mean_rank": 254.93277229974748,
      "z_inverse_harmonic_mean_rank": 7239.488746471622,
      "count": 65958.0,
      "inverse_geometric_mean_rank": 0.0036290634889155626,
      "adjusted_inverse_harmonic_mean_rank": 0.11628872292375884,
      "median_absolute_deviation": 472.9501037597656,
      "adjusted_geometric_mean_rank_index": 0.9922737256723123,
      "hits_at_1": 0.0560508202189272,
      "hits_at_3": 0.14410685587798297,
      "hits_at_5": 0.1769459352921556,
      "hits_at_10": 0.22368780132811789,
      "z_hits_at_k": 5643.680162033196,
      "adjusted_hits_at_k": 0.2236074206758653
    },
    "pessimistic": {
      "variance": 256489397.13325524,
      "adjusted_arithmetic_mean_rank_index": 0.8500406332451831,
      "geometric_mean_rank": 275.55330465654913,
      "standard_deviation": 16015.286358140938,
      "adjusted_arithmetic_mean_rank": 0.1499769676734138,
      "inverse_arithmetic_mean_rank": 0.0001380610206477124,
      "arithmetic_mean_rank": 7243.174034991965,
      "inverse_harmonic_mean_rank": 0.11639898502225329,
      "inverse_median_rank": 0.003115264797507788,
      "z_arithmetic_mean_rank": 378.1199185872263,
      "harmonic_mean_rank": 8.591140204605898,
      "median_rank": 321.0,
      "z_geometric_mean_rank": 254.93277148624415,
      "z_inverse_harmonic_mean_rank": 7239.486571382829,
      "count": 65958.0,
      "inverse_geometric_mean_rank": 0.0036290619023655133,
      "adjusted_inverse_harmonic_mean_rank": 0.11628868798506266,
      "median_absolute_deviation": 472.950107703287,
      "adjusted_geometric_mean_rank_index": 0.9922737225059168,
      "hits_at_1": 0.0560508202189272,
      "hits_at_3": 0.14410685587798297,
      "hits_at_5": 0.1769459352921556,
      "hits_at_10": 0.22368780132811789,
      "z_hits_at_k": 5643.680162033196,
      "adjusted_hits_at_k": 0.2236074206758653
    }
  },
  "both": {
    "optimistic": {
      "variance": 256489390.71862438,
      "adjusted_arithmetic_mean_rank_index": 0.8500406429771104,
      "geometric_mean_rank": 275.55296593840103,
      "standard_deviation": 16015.286157875056,
      "adjusted_arithmetic_mean_rank": 0.149976957941688,
      "inverse_arithmetic_mean_rank": 0.0001380610296062352,
      "arithmetic_mean_rank": 7243.173564995906,
      "inverse_harmonic_mean_rank": 0.11639904251592545,
      "inverse_median_rank": 0.003115264797507788,
      "z_arithmetic_mean_rank": 378.11992291623767,
      "harmonic_mean_rank": 8.591135961132862,
      "median_rank": 321.0,
      "z_geometric_mean_rank": 254.93277393517357,
      "z_inverse_harmonic_mean_rank": 7239.490151065692,
      "count": 65958.0,
      "inverse_geometric_mean_rank": 0.0036290663633195904,
      "adjusted_inverse_harmonic_mean_rank": 0.11628874548591156,
      "median_absolute_deviation": 472.950107703287,
      "adjusted_geometric_mean_rank_index": 0.9922737320378743,
      "hits_at_1": 0.0560508202189272,
      "hits_at_3": 0.14410685587798297,
      "hits_at_5": 0.1769459352921556,
      "hits_at_10": 0.22368780132811789,
      "z_hits_at_k": 5643.680162033196,
      "adjusted_hits_at_k": 0.2236074206758653
    },
    "realistic": {
      "variance": 256489408.0,
      "adjusted_arithmetic_mean_rank_index": 0.8500406274181058,
      "geometric_mean_rank": 275.5531921386719,
      "standard_deviation": 16015.287109375,
      "adjusted_arithmetic_mean_rank": 0.14997697350037045,
      "inverse_arithmetic_mean_rank": 0.00013806101924274117,
      "arithmetic_mean_rank": 7243.17431640625,
      "inverse_harmonic_mean_rank": 0.11639901995658875,
      "inverse_median_rank": 0.0031152646988630295,
      "z_arithmetic_mean_rank": 378.11991599519257,
      "harmonic_mean_rank": 8.591137886047363,
      "median_rank": 321.0,
      "z_geometric_mean_rank": 254.93277229974748,
      "z_inverse_harmonic_mean_rank": 7239.488746471622,
      "count": 65958.0,
      "inverse_geometric_mean_rank": 0.0036290634889155626,
      "adjusted_inverse_harmonic_mean_rank": 0.11628872292375884,
      "median_absolute_deviation": 472.9501037597656,
      "adjusted_geometric_mean_rank_index": 0.9922737256723123,
      "hits_at_1": 0.0560508202189272,
      "hits_at_3": 0.14410685587798297,
      "hits_at_5": 0.1769459352921556,
      "hits_at_10": 0.22368780132811789,
      "z_hits_at_k": 5643.680162033196,
      "adjusted_hits_at_k": 0.2236074206758653
    },
    "pessimistic": {
      "variance": 256489397.13325524,
      "adjusted_arithmetic_mean_rank_index": 0.8500406332451831,
      "geometric_mean_rank": 275.55330465654913,
      "standard_deviation": 16015.286358140938,
      "adjusted_arithmetic_mean_rank": 0.1499769676734138,
      "inverse_arithmetic_mean_rank": 0.0001380610206477124,
      "arithmetic_mean_rank": 7243.174034991965,
      "inverse_harmonic_mean_rank": 0.11639898502225329,
      "inverse_median_rank": 0.003115264797507788,
      "z_arithmetic_mean_rank": 378.1199185872263,
      "harmonic_mean_rank": 8.591140204605898,
      "median_rank": 321.0,
      "z_geometric_mean_rank": 254.93277148624415,
      "z_inverse_harmonic_mean_rank": 7239.486571382829,
      "count": 65958.0,
      "inverse_geometric_mean_rank": 0.0036290619023655133,
      "adjusted_inverse_harmonic_mean_rank": 0.11628868798506266,
      "median_absolute_deviation": 472.950107703287,
      "adjusted_geometric_mean_rank_index": 0.9922737225059168,
      "hits_at_1": 0.0560508202189272,
      "hits_at_3": 0.14410685587798297,
      "hits_at_5": 0.1769459352921556,
      "hits_at_10": 0.22368780132811789,
      "z_hits_at_k": 5643.680162033196,
      "adjusted_hits_at_k": 0.2236074206758653
    }
  }
}