{
  "tail": {
    "optimistic": {
      "median_rank": 1.0,
      "z_geometric_mean_rank": 179.49602573639137,
      "z_inverse_harmonic_mean_rank": 22651.95751512022,
      "count": 32180.0,
      "inverse_geometric_mean_rank": 0.3894850405859268,
      "adjusted_inverse_harmonic_mean_rank": 0.7586486945405735,
      "median_absolute_deviation": 0.0,
      "adjusted_geometric_mean_rank_index": 0.9999063984556588,
      "variance": 8204226.54804232,
      "adjusted_arithmetic_mean_rank_index": 0.9812277881427627,
      "geometric_mean_rank": 2.5674927039447706,
      "standard_deviation": 2864.3021048838964,
      "adjusted_arithmetic_mean_rank": 0.018815323924921565,
      "inverse_arithmetic_mean_rank": 0.002335163609123799,
      "arithmetic_mean_rank": 428.2355189558732,
      "inverse_harmonic_mean_rank": 0.7587086298536565,
      "inverse_median_rank": 1.0,
      "z_arithmetic_mean_rank": 304.85908549262666,
      "harmonic_mean_rank": 1.318029030713523,
      "hits_at_1": 0.6802983219390926,
      "hits_at_3": 0.8237103791174643,
      "hits_at_5": 0.8452454940957116,
      "hits_at_10": 0.8667806090739589,
      "z_hits_at_k": 10488.663676738037,
      "adjusted_hits_at_k": 0.8667513337163976
    },
    "realistic": {
      "median_rank": 1.0,
      "z_geometric_mean_rank": 179.4960257310707,
      "z_inverse_harmonic_mean_rank": 22651.956510912405,
      "count": 32180.0,
      "inverse_geometric_mean_rank": 0.3894849717617035,
      "adjusted_inverse_harmonic_mean_rank": 0.7586486609081182,
      "median_absolute_deviation": 0.0,
      "adjusted_geometric_mean_rank_index": 0.9999063984260192,
      "variance": 8204234.0,
      "adjusted_arithmetic_mean_rank_index": 0.9812277727024321,
      "geometric_mean_rank": 2.567493200302124,
      "standard_deviation": 2864.303466796875,
      "adjusted_arithmetic_mean_rank": 0.018815339364573747,
      "inverse_arithmetic_mean_rank": 0.002335161669179797,
      "arithmetic_mean_rank": 428.2358703613281,
      "inverse_harmonic_mean_rank": 0.7587085962295532,
      "inverse_median_rank": 1.0,
      "z_arithmetic_mean_rank": 304.8590806954479,
      "harmonic_mean_rank": 1.3180290460586548,
      "hits_at_1": 0.6802983219390926,
      "hits_at_3": 0.8237103791174643,
      "hits_at_5": 0.8452454940957116,
      "hits_at_10": 0.8667806090739589,
      "z_hits_at_k": 10488.663676738037,
      "adjusted_hits_at_k": 0.8667513337163976
    },
    "pessimistic": {
      "median_rank": 1.0,
      "z_geometric_mean_rank": 179.49602572744013,
      "z_inverse_harmonic_mean_rank": 22651.957496742994,
      "count": 32180.0,
      "inverse_geometric_mean_rank": 0.3894849139106888,
      "adjusted_inverse_harmonic_mean_rank": 0.7586486939250922,
      "median_absolute_deviation": 0.0,
      "adjusted_geometric_mean_rank_index": 0.9999063984057948,
      "variance": 8204242.480116581,
      "adjusted_arithmetic_mean_rank_index": 0.9812277567384067,
      "geometric_mean_rank": 2.567493538990591,
      "standard_deviation": 2864.3048860267268,
      "adjusted_arithmetic_mean_rank": 0.018815355327897753,
      "inverse_arithmetic_mean_rank": 0.0023351597117173494,
      "arithmetic_mean_rank": 428.236233685519,
      "inverse_harmonic_mean_rank": 0.7587086292383279,
      "inverse_median_rank": 1.0,
      "z_arithmetic_mean_rank": 304.8590757355617,
      "harmonic_mean_rank": 1.318029031782472,
      "hits_at_1": 0.6802983219390926,
      "hits_at_3": 0.8237103791174643,
      "hits_at_5": 0.8452454940957116,
      "hits_at_10": 0.8667806090739589,
      "z_hits_at_k": 10488.663676738037,
      "adjusted_hits_at_k": 0.8667513337163976
    }
  },
  "both": {
    "optimistic": {
      "median_rank": 1.0,
      "z_geometric_mean_rank": 179.49602573639137,
      "z_inverse_harmonic_mean_rank": 22651.95751512022,
      "count": 32180.0,
      "inverse_geometric_mean_rank": 0.3894850405859268,
      "adjusted_inverse_harmonic_mean_rank": 0.7586486945405735,
      "median_absolute_deviation": 0.0,
      "adjusted_geometric_mean_rank_index": 0.9999063984556588,
      "variance": 8204226.54804232,
      "adjusted_arithmetic_mean_rank_index": 0.9812277881427627,
      "geometric_mean_rank": 2.5674927039447706,
      "standard_deviation": 2864.3021048838964,
      "adjusted_arithmetic_mean_rank": 0.018815323924921565,
      "inverse_arithmetic_mean_rank": 0.002335163609123799,
      "arithmetic_mean_rank": 428.2355189558732,
      "inverse_harmonic_mean_rank": 0.7587086298536565,
      "inverse_median_rank": 1.0,
      "z_arithmetic_mean_rank": 304.85908549262666,
      "harmonic_mean_rank": 1.318029030713523,
      "hits_at_1": 0.6802983219390926,
      "hits_at_3": 0.8237103791174643,
      "hits_at_5": 0.8452454940957116,
      "hits_at_10": 0.8667806090739589,
      "z_hits_at_k": 10488.663676738037,
      "adjusted_hits_at_k": 0.8667513337163976
    },
    "realistic": {
      "median_rank": 1.0,
      "z_geometric_mean_rank": 179.4960257310707,
      "z_inverse_harmonic_mean_rank": 22651.956510912405,
      "count": 32180.0,
      "inverse_geometric_mean_rank": 0.3894849717617035,
      "adjusted_inverse_harmonic_mean_rank": 0.7586486609081182,
      "median_absolute_deviation": 0.0,
      "adjusted_geometric_mean_rank_index": 0.9999063984260192,
      "variance": 8204234.0,
      "adjusted_arithmetic_mean_rank_index": 0.9812277727024321,
      "geometric_mean_rank": 2.567493200302124,
      "standard_deviation": 2864.303466796875,
      "adjusted_arithmetic_mean_rank": 0.018815339364573747,
      "inverse_arithmetic_mean_rank": 0.002335161669179797,
      "arithmetic_mean_rank": 428.2358703613281,
      "inverse_harmonic_mean_rank": 0.7587085962295532,
      "inverse_median_rank": 1.0,
      "z_arithmetic_mean_rank": 304.8590806954479,
      "harmonic_mean_rank": 1.3180290460586548,
      "hits_at_1": 0.6802983219390926,
      "hits_at_3": 0.8237103791174643,
      "hits_at_5": 0.8452454940957116,
      "hits_at_10": 0.8667806090739589,
      "z_hits_at_k": 10488.663676738037,
      "adjusted_hits_at_k": 0.8667513337163976
    },
    "pessimistic": {
      "median_rank": 1.0,
      "z_geometric_mean_rank": 179.49602572744013,
      "z_inverse_harmonic_mean_rank": 22651.957496742994,
      "count": 32180.0,
      "inverse_geometric_mean_rank": 0.3894849139106888,
      "adjusted_inverse_harmonic_mean_rank": 0.7586486939250922,
      "median_absolute_deviation": 0.0,
      "adjusted_geometric_mean_rank_index": 0.9999063984057948,
      "variance": 8204242.480116581,
      "adjusted_arithmetic_mean_rank_index": 0.9812277567384067,
      "geometric_mean_rank": 2.567493538990591,
      "standard_deviation": 2864.3048860267268,
      "adjusted_arithmetic_mean_rank": 0.018815355327897753,
      "inverse_arithmetic_mean_rank": 0.0023351597117173494,
      "arithmetic_mean_rank": 428.236233685519,
      "inverse_harmonic_mean_rank": 0.7587086292383279,
      "inverse_median_rank": 1.0,
      "z_arithmetic_mean_rank": 304.8590757355617,
      "harmonic_mean_rank": 1.318029031782472,
      "hits_at_1": 0.6802983219390926,
      "hits_at_3": 0.8237103791174643,
      "hits_at_5": 0.8452454940957116,
      "hits_at_10": 0.8667806090739589,
      "z_hits_at_k": 10488.663676738037,
      "adjusted_hits_at_k": 0.8667513337163976
    }
  }
}