{
  "tail": {
    "optimistic": {
      "geometric_mean_rank": 1724.2871815187034,
      "standard_deviation": 15111.64783583642,
      "adjusted_arithmetic_mean_rank": 0.13407500726764873,
      "inverse_arithmetic_mean_rank": 0.00010827257733297502,
      "arithmetic_mean_rank": 9235.948978333265,
      "inverse_harmonic_mean_rank": 0.05583461456834553,
      "inverse_median_rank": 0.00026616981634282674,
      "z_arithmetic_mean_rank": 405.1475822162435,
      "harmonic_mean_rank": 17.910036770754978,
      "median_rank": 3757.0,
      "z_geometric_mean_rank": 261.0198029634209,
      "z_inverse_harmonic_mean_rank": 4359.3937568445735,
      "count": 72969.0,
      "inverse_geometric_mean_rank": 0.0005799497964829898,
      "adjusted_inverse_harmonic_mean_rank": 0.05574955591201737,
      "median_absolute_deviation": 5412.9806997639525,
      "adjusted_geometric_mean_rank_index": 0.9660002560177251,
      "variance": 228361900.31433958,
      "adjusted_arithmetic_mean_rank_index": 0.8659375632419283,
      "hits_at_1": 0.04015403801614384,
      "hits_at_3": 0.06020364812454604,
      "hits_at_5": 0.07023530540366457,
      "hits_at_10": 0.08488536227713138,
      "z_hits_at_k": 2689.2211614186836,
      "adjusted_hits_at_k": 0.08481893499453443
    },
    "realistic": {
      "geometric_mean_rank": 1724.287109375,
      "standard_deviation": 15111.6474609375,
      "adjusted_arithmetic_mean_rank": 0.1340750107576935,
      "inverse_arithmetic_mean_rank": 0.0001082725721062161,
      "arithmetic_mean_rank": 9235.94921875,
      "inverse_harmonic_mean_rank": 0.05583461746573448,
      "inverse_median_rank": 0.0002661698090378195,
      "z_arithmetic_mean_rank": 405.147580583327,
      "harmonic_mean_rank": 17.910036087036133,
      "median_rank": 3757.0,
      "z_geometric_mean_rank": 261.01980334802386,
      "z_inverse_harmonic_mean_rank": 4359.393983429288,
      "count": 72969.0,
      "inverse_geometric_mean_rank": 0.0005799498176202178,
      "adjusted_inverse_harmonic_mean_rank": 0.055749558809667345,
      "median_absolute_deviation": 5412.98095703125,
      "adjusted_geometric_mean_rank_index": 0.9660002574410905,
      "variance": 228361888.0,
      "adjusted_arithmetic_mean_rank_index": 0.8659375597518328,
      "hits_at_1": 0.04015403801614384,
      "hits_at_3": 0.06020364812454604,
      "hits_at_5": 0.07023530540366457,
      "hits_at_10": 0.08488536227713138,
      "z_hits_at_k": 2689.2211614186836,
      "adjusted_hits_at_k": 0.08481893499453443
    },
    "pessimistic": {
      "geometric_mean_rank": 1724.287693051309,
      "standard_deviation": 15111.648127789798,
      "adjusted_arithmetic_mean_rank": 0.1340750237798891,
      "inverse_arithmetic_mean_rank": 0.00010827256399847936,
      "arithmetic_mean_rank": 9235.950115802601,
      "inverse_harmonic_mean_rank": 0.05583461428889992,
      "inverse_median_rank": 0.00026616981634282674,
      "z_arithmetic_mean_rank": 405.14757449052325,
      "harmonic_mean_rank": 17.910036860392584,
      "median_rank": 3757.0,
      "z_geometric_mean_rank": 261.0198002364059,
      "z_inverse_harmonic_mean_rank": 4359.393734991069,
      "count": 72969.0,
      "inverse_geometric_mean_rank": 0.0005799496244332606,
      "adjusted_inverse_harmonic_mean_rank": 0.05574955563254659,
      "median_absolute_deviation": 5412.9806997639525,
      "adjusted_geometric_mean_rank_index": 0.9660002459253981,
      "variance": 228361909.1381329,
      "adjusted_arithmetic_mean_rank_index": 0.8659375467294482,
      "hits_at_1": 0.04015403801614384,
      "hits_at_3": 0.06020364812454604,
      "hits_at_5": 0.07023530540366457,
      "hits_at_10": 0.08488536227713138,
      "z_hits_at_k": 2689.2211614186836,
      "adjusted_hits_at_k": 0.08481893499453443
    }
  },
  "both": {
    "optimistic": {
      "geometric_mean_rank": 1724.2871815187034,
      "standard_deviation": 15111.64783583642,
      "adjusted_arithmetic_mean_rank": 0.13407500726764873,
      "inverse_arithmetic_mean_rank": 0.00010827257733297502,
      "arithmetic_mean_rank": 9235.948978333265,
      "inverse_harmonic_mean_rank": 0.05583461456834553,
      "inverse_median_rank": 0.00026616981634282674,
      "z_arithmetic_mean_rank": 405.1475822162435,
      "harmonic_mean_rank": 17.910036770754978,
      "median_rank": 3757.0,
      "z_geometric_mean_rank": 261.0198029634209,
      "z_inverse_harmonic_mean_rank": 4359.3937568445735,
      "count": 72969.0,
      "inverse_geometric_mean_rank": 0.0005799497964829898,
      "adjusted_inverse_harmonic_mean_rank": 0.05574955591201737,
      "median_absolute_deviation": 5412.9806997639525,
      "adjusted_geometric_mean_rank_index": 0.9660002560177251,
      "variance": 228361900.31433958,
      "adjusted_arithmetic_mean_rank_index": 0.8659375632419283,
      "hits_at_1": 0.04015403801614384,
      "hits_at_3": 0.06020364812454604,
      "hits_at_5": 0.07023530540366457,
      "hits_at_10": 0.08488536227713138,
      "z_hits_at_k": 2689.2211614186836,
      "adjusted_hits_at_k": 0.08481893499453443
    },
    "realistic": {
      "geometric_mean_rank": 1724.287109375,
      "standard_deviation": 15111.6474609375,
      "adjusted_arithmetic_mean_rank": 0.1340750107576935,
      "inverse_arithmetic_mean_rank": 0.0001082725721062161,
      "arithmetic_mean_rank": 9235.94921875,
      "inverse_harmonic_mean_rank": 0.05583461746573448,
      "inverse_median_rank": 0.0002661698090378195,
      "z_arithmetic_mean_rank": 405.147580583327,
      "harmonic_mean_rank": 17.910036087036133,
      "median_rank": 3757.0,
      "z_geometric_mean_rank": 261.01980334802386,
      "z_inverse_harmonic_mean_rank": 4359.393983429288,
      "count": 72969.0,
      "inverse_geometric_mean_rank": 0.0005799498176202178,
      "adjusted_inverse_harmonic_mean_rank": 0.055749558809667345,
      "median_absolute_deviation": 5412.98095703125,
      "adjusted_geometric_mean_rank_index": 0.9660002574410905,
      "variance": 228361888.0,
      "adjusted_arithmetic_mean_rank_index": 0.8659375597518328,
      "hits_at_1": 0.04015403801614384,
      "hits_at_3": 0.06020364812454604,
      "hits_at_5": 0.07023530540366457,
      "hits_at_10": 0.08488536227713138,
      "z_hits_at_k": 2689.2211614186836,
      "adjusted_hits_at_k": 0.08481893499453443
    },
    "pessimistic": {
      "geometric_mean_rank": 1724.287693051309,
      "standard_deviation": 15111.648127789798,
      "adjusted_arithmetic_mean_rank": 0.1340750237798891,
      "inverse_arithmetic_mean_rank": 0.00010827256399847936,
      "arithmetic_mean_rank": 9235.950115802601,
      "inverse_harmonic_mean_rank": 0.05583461428889992,
      "inverse_median_rank": 0.00026616981634282674,
      "z_arithmetic_mean_rank": 405.14757449052325,
      "harmonic_mean_rank": 17.910036860392584,
      "median_rank": 3757.0,
      "z_geometric_mean_rank": 261.0198002364059,
      "z_inverse_harmonic_mean_rank": 4359.393734991069,
      "count": 72969.0,
      "inverse_geometric_mean_rank": 0.0005799496244332606,
      "adjusted_inverse_harmonic_mean_rank": 0.05574955563254659,
      "median_absolute_deviation": 5412.9806997639525,
      "adjusted_geometric_mean_rank_index": 0.9660002459253981,
      "variance": 228361909.1381329,
      "adjusted_arithmetic_mean_rank_index": 0.8659375467294482,
      "hits_at_1": 0.04015403801614384,
      "hits_at_3": 0.06020364812454604,
      "hits_at_5": 0.07023530540366457,
      "hits_at_10": 0.08488536227713138,
      "z_hits_at_k": 2689.2211614186836,
      "adjusted_hits_at_k": 0.08481893499453443
    }
  }
}