{
  "tail": {
    "optimistic": {
      "variance": 41591216.13377538,
      "adjusted_arithmetic_mean_rank_index": 0.9474245205446452,
      "geometric_mean_rank": 135.22560443991685,
      "standard_deviation": 6449.125222367401,
      "adjusted_arithmetic_mean_rank": 0.052595782516387614,
      "inverse_arithmetic_mean_rank": 0.00040744217228847244,
      "arithmetic_mean_rank": 2454.3360211912272,
      "inverse_harmonic_mean_rank": 0.11220692867139825,
      "inverse_median_rank": 0.007352941176470588,
      "z_arithmetic_mean_rank": 455.38906545537617,
      "harmonic_mean_rank": 8.91210562342842,
      "median_rank": 136.0,
      "z_geometric_mean_rank": 276.53192518291706,
      "z_inverse_harmonic_mean_rank": 7412.05682703221,
      "count": 77013.0,
      "inverse_geometric_mean_rank": 0.007395049215286132,
      "adjusted_inverse_harmonic_mean_rank": 0.11209256105459092,
      "median_absolute_deviation": 198.66869727975066,
      "adjusted_geometric_mean_rank_index": 0.9960906878178655,
      "hits_at_1": 0.02647604949813668,
      "hits_at_3": 0.15657096853777933,
      "hits_at_5": 0.19955072520223857,
      "hits_at_10": 0.25972238453248153,
      "z_hits_at_k": 6960.487658080591,
      "adjusted_hits_at_k": 0.2596430553925911
    },
    "realistic": {
      "variance": 41591256.0,
      "adjusted_arithmetic_mean_rank_index": 0.9474244752503249,
      "geometric_mean_rank": 135.22576904296875,
      "standard_deviation": 6449.12841796875,
      "adjusted_arithmetic_mean_rank": 0.05259582780973718,
      "inverse_arithmetic_mean_rank": 0.0004074418102391064,
      "arithmetic_mean_rank": 2454.338134765625,
      "inverse_harmonic_mean_rank": 0.11220692098140717,
      "inverse_median_rank": 0.007352941203862429,
      "z_arithmetic_mean_rank": 455.38904368420845,
      "harmonic_mean_rank": 8.91210651397705,
      "median_rank": 136.0,
      "z_geometric_mean_rank": 276.53192385200526,
      "z_inverse_harmonic_mean_rank": 7412.056318470419,
      "count": 77013.0,
      "inverse_geometric_mean_rank": 0.0073950402438640594,
      "adjusted_inverse_harmonic_mean_rank": 0.11209255336360918,
      "median_absolute_deviation": 198.668701171875,
      "adjusted_geometric_mean_rank_index": 0.996090683023812,
      "hits_at_1": 0.02647604949813668,
      "hits_at_3": 0.15657096853777933,
      "hits_at_5": 0.19955072520223857,
      "hits_at_10": 0.25972238453248153,
      "z_hits_at_k": 6960.487658080591,
      "adjusted_hits_at_k": 0.2596430553925911
    },
    "pessimistic": {
      "variance": 41591298.18978591,
      "adjusted_arithmetic_mean_rank_index": 0.9474244367861896,
      "geometric_mean_rank": 135.22590062402796,
      "standard_deviation": 6449.131584158127,
      "adjusted_arithmetic_mean_rank": 0.052595866273048235,
      "inverse_arithmetic_mean_rank": 0.00040744152345429275,
      "arithmetic_mean_rank": 2454.3399296222715,
      "inverse_harmonic_mean_rank": 0.11220691674201845,
      "inverse_median_rank": 0.007352941176470588,
      "z_arithmetic_mean_rank": 455.3890251960373,
      "harmonic_mean_rank": 8.912106570926987,
      "median_rank": 136.0,
      "z_geometric_mean_rank": 276.5319227880956,
      "z_inverse_harmonic_mean_rank": 7412.056038107139,
      "count": 77013.0,
      "inverse_geometric_mean_rank": 0.007395033017974313,
      "adjusted_inverse_harmonic_mean_rank": 0.11209254912367435,
      "median_absolute_deviation": 198.66869727975066,
      "adjusted_geometric_mean_rank_index": 0.996090679191522,
      "hits_at_1": 0.02647604949813668,
      "hits_at_3": 0.15657096853777933,
      "hits_at_5": 0.19955072520223857,
      "hits_at_10": 0.25972238453248153,
      "z_hits_at_k": 6960.487658080591,
      "adjusted_hits_at_k": 0.2596430553925911
    }
  },
  "both": {
    "optimistic": {
      "variance": 41591216.13377538,
      "adjusted_arithmetic_mean_rank_index": 0.9474245205446452,
      "geometric_mean_rank": 135.22560443991685,
      "standard_deviation": 6449.125222367401,
      "adjusted_arithmetic_mean_rank": 0.052595782516387614,
      "inverse_arithmetic_mean_rank": 0.00040744217228847244,
      "arithmetic_mean_rank": 2454.3360211912272,
      "inverse_harmonic_mean_rank": 0.11220692867139825,
      "inverse_median_rank": 0.007352941176470588,
      "z_arithmetic_mean_rank": 455.38906545537617,
      "harmonic_mean_rank": 8.91210562342842,
      "median_rank": 136.0,
      "z_geometric_mean_rank": 276.53192518291706,
      "z_inverse_harmonic_mean_rank": 7412.05682703221,
      "count": 77013.0,
      "inverse_geometric_mean_rank": 0.007395049215286132,
      "adjusted_inverse_harmonic_mean_rank": 0.11209256105459092,
      "median_absolute_deviation": 198.66869727975066,
      "adjusted_geometric_mean_rank_index": 0.9960906878178655,
      "hits_at_1": 0.02647604949813668,
      "hits_at_3": 0.15657096853777933,
      "hits_at_5": 0.19955072520223857,
      "hits_at_10": 0.25972238453248153,
      "z_hits_at_k": 6960.487658080591,
      "adjusted_hits_at_k": 0.2596430553925911
    },
    "realistic": {
      "variance": 41591256.0,
      "adjusted_arithmetic_mean_rank_index": 0.9474244752503249,
      "geometric_mean_rank": 135.22576904296875,
      "standard_deviation": 6449.12841796875,
      "adjusted_arithmetic_mean_rank": 0.05259582780973718,
      "inverse_arithmetic_mean_rank": 0.0004074418102391064,
      "arithmetic_mean_rank": 2454.338134765625,
      "inverse_harmonic_mean_rank": 0.11220692098140717,
      "inverse_median_rank": 0.007352941203862429,
      "z_arithmetic_mean_rank": 455.38904368420845,
      "harmonic_mean_rank": 8.91210651397705,
      "median_rank": 136.0,
      "z_geometric_mean_rank": 276.53192385200526,
      "z_inverse_harmonic_mean_rank": 7412.056318470419,
      "count": 77013.0,
      "inverse_geometric_mean_rank": 0.0073950402438640594,
      "adjusted_inverse_harmonic_mean_rank": 0.11209255336360918,
      "median_absolute_deviation": 198.668701171875,
      "adjusted_geometric_mean_rank_index": 0.996090683023812,
      "hits_at_1": 0.02647604949813668,
      "hits_at_3": 0.15657096853777933,
      "hits_at_5": 0.19955072520223857,
      "hits_at_10": 0.25972238453248153,
      "z_hits_at_k": 6960.487658080591,
      "adjusted_hits_at_k": 0.2596430553925911
    },
    "pessimistic": {
      "variance": 41591298.18978591,
      "adjusted_arithmetic_mean_rank_index": 0.9474244367861896,
      "geometric_mean_rank": 135.22590062402796,
      "standard_deviation": 6449.131584158127,
      "adjusted_arithmetic_mean_rank": 0.052595866273048235,
      "inverse_arithmetic_mean_rank": 0.00040744152345429275,
      "arithmetic_mean_rank": 2454.3399296222715,
      "inverse_harmonic_mean_rank": 0.11220691674201845,
      "inverse_median_rank": 0.007352941176470588,
      "z_arithmetic_mean_rank": 455.3890251960373,
      "harmonic_mean_rank": 8.912106570926987,
      "median_rank": 136.0,
      "z_geometric_mean_rank": 276.5319227880956,
      "z_inverse_harmonic_mean_rank": 7412.056038107139,
      "count": 77013.0,
      "inverse_geometric_mean_rank": 0.007395033017974313,
      "adjusted_inverse_harmonic_mean_rank": 0.11209254912367435,
      "median_absolute_deviation": 198.66869727975066,
      "adjusted_geometric_mean_rank_index": 0.996090679191522,
      "hits_at_1": 0.02647604949813668,
      "hits_at_3": 0.15657096853777933,
      "hits_at_5": 0.19955072520223857,
      "hits_at_10": 0.25972238453248153,
      "z_hits_at_k": 6960.487658080591,
      "adjusted_hits_at_k": 0.2596430553925911
    }
  }
}