{
  "tail": {
    "optimistic": {
      "standard_deviation": 4006.283596761597,
      "adjusted_arithmetic_mean_rank": 0.04016169086600036,
      "inverse_arithmetic_mean_rank": 0.0010939992509266783,
      "arithmetic_mean_rank": 914.0774083281541,
      "inverse_harmonic_mean_rank": 0.19965275117984166,
      "inverse_median_rank": 0.1111111111111111,
      "z_arithmetic_mean_rank": 298.2266603611223,
      "harmonic_mean_rank": 5.00869631943728,
      "median_rank": 9.0,
      "z_geometric_mean_rank": 179.2989454801902,
      "z_inverse_harmonic_mean_rank": 5955.355132196546,
      "count": 32180.0,
      "inverse_geometric_mean_rank": 0.047726390613209164,
      "adjusted_inverse_harmonic_mean_rank": 0.1994539497767743,
      "median_absolute_deviation": 10.378215529539213,
      "adjusted_geometric_mean_rank_index": 0.9988085367711098,
      "variance": 16050308.257681038,
      "adjusted_arithmetic_mean_rank_index": 0.9598804832681441,
      "geometric_mean_rank": 20.952768209612554,
      "hits_at_1": 0.010099440646364201,
      "hits_at_3": 0.3267868241143567,
      "hits_at_5": 0.4142635177128651,
      "hits_at_10": 0.5142013673088875,
      "z_hits_at_k": 6221.12164064456,
      "adjusted_hits_at_k": 0.5140946116138193
    },
    "realistic": {
      "standard_deviation": 4006.28515625,
      "adjusted_arithmetic_mean_rank": 0.04016171967261763,
      "inverse_arithmetic_mean_rank": 0.0010939984349533916,
      "arithmetic_mean_rank": 914.0780639648438,
      "inverse_harmonic_mean_rank": 0.1996527463197708,
      "inverse_median_rank": 0.1111111119389534,
      "z_arithmetic_mean_rank": 298.2266514107593,
      "harmonic_mean_rank": 5.008696556091309,
      "median_rank": 9.0,
      "z_geometric_mean_rank": 179.2989453562702,
      "z_inverse_harmonic_mean_rank": 5955.354987047065,
      "count": 32180.0,
      "inverse_geometric_mean_rank": 0.04772636294364929,
      "adjusted_inverse_harmonic_mean_rank": 0.19945394491549623,
      "median_absolute_deviation": 10.378215789794922,
      "adjusted_geometric_mean_rank_index": 0.9988085360807968,
      "variance": 16050320.0,
      "adjusted_arithmetic_mean_rank_index": 0.9598804544602612,
      "geometric_mean_rank": 20.95277976989746,
      "hits_at_1": 0.010099440646364201,
      "hits_at_3": 0.3267868241143567,
      "hits_at_5": 0.4142635177128651,
      "hits_at_10": 0.5142013673088875,
      "z_hits_at_k": 6221.12164064456,
      "adjusted_hits_at_k": 0.5140946116138193
    },
    "pessimistic": {
      "standard_deviation": 4006.2867709877946,
      "adjusted_arithmetic_mean_rank": 0.04016175367195274,
      "inverse_arithmetic_mean_rank": 0.001093997540103356,
      "arithmetic_mean_rank": 914.0788377874457,
      "inverse_harmonic_mean_rank": 0.1996527436907324,
      "inverse_median_rank": 0.1111111111111111,
      "z_arithmetic_mean_rank": 298.22664084699244,
      "harmonic_mean_rank": 5.008696507316862,
      "median_rank": 9.0,
      "z_geometric_mean_rank": 179.29894523095453,
      "z_inverse_harmonic_mean_rank": 5955.354908528959,
      "count": 32180.0,
      "inverse_geometric_mean_rank": 0.04772633765248091,
      "adjusted_inverse_harmonic_mean_rank": 0.1994539422858048,
      "median_absolute_deviation": 10.378215529539213,
      "adjusted_geometric_mean_rank_index": 0.9988085353827094,
      "variance": 16050333.69139181,
      "adjusted_arithmetic_mean_rank_index": 0.9598804204594321,
      "geometric_mean_rank": 20.9527914603776,
      "hits_at_1": 0.010099440646364201,
      "hits_at_3": 0.3267868241143567,
      "hits_at_5": 0.4142635177128651,
      "hits_at_10": 0.5142013673088875,
      "z_hits_at_k": 6221.12164064456,
      "adjusted_hits_at_k": 0.5140946116138193
    }
  },
  "both": {
    "optimistic": {
      "standard_deviation": 4006.283596761597,
      "adjusted_arithmetic_mean_rank": 0.04016169086600036,
      "inverse_arithmetic_mean_rank": 0.0010939992509266783,
      "arithmetic_mean_rank": 914.0774083281541,
      "inverse_harmonic_mean_rank": 0.19965275117984166,
      "inverse_median_rank": 0.1111111111111111,
      "z_arithmetic_mean_rank": 298.2266603611223,
      "harmonic_mean_rank": 5.00869631943728,
      "median_rank": 9.0,
      "z_geometric_mean_rank": 179.2989454801902,
      "z_inverse_harmonic_mean_rank": 5955.355132196546,
      "count": 32180.0,
      "inverse_geometric_mean_rank": 0.047726390613209164,
      "adjusted_inverse_harmonic_mean_rank": 0.1994539497767743,
      "median_absolute_deviation": 10.378215529539213,
      "adjusted_geometric_mean_rank_index": 0.9988085367711098,
      "variance": 16050308.257681038,
      "adjusted_arithmetic_mean_rank_index": 0.9598804832681441,
      "geometric_mean_rank": 20.952768209612554,
      "hits_at_1": 0.010099440646364201,
      "hits_at_3": 0.3267868241143567,
      "hits_at_5": 0.4142635177128651,
      "hits_at_10": 0.5142013673088875,
      "z_hits_at_k": 6221.12164064456,
      "adjusted_hits_at_k": 0.5140946116138193
    },
    "realistic": {
      "standard_deviation": 4006.28515625,
      "adjusted_arithmetic_mean_rank": 0.04016171967261763,
      "inverse_arithmetic_mean_rank": 0.0010939984349533916,
      "arithmetic_mean_rank": 914.0780639648438,
      "inverse_harmonic_mean_rank": 0.1996527463197708,
      "inverse_median_rank": 0.1111111119389534,
      "z_arithmetic_mean_rank": 298.2266514107593,
      "harmonic_mean_rank": 5.008696556091309,
      "median_rank": 9.0,
      "z_geometric_mean_rank": 179.2989453562702,
      "z_inverse_harmonic_mean_rank": 5955.354987047065,
      "count": 32180.0,
      "inverse_geometric_mean_rank": 0.04772636294364929,
      "adjusted_inverse_harmonic_mean_rank": 0.19945394491549623,
      "median_absolute_deviation": 10.378215789794922,
      "adjusted_geometric_mean_rank_index": 0.9988085360807968,
      "variance": 16050320.0,
      "adjusted_arithmetic_mean_rank_index": 0.9598804544602612,
      "geometric_mean_rank": 20.95277976989746,
      "hits_at_1": 0.010099440646364201,
      "hits_at_3": 0.3267868241143567,
      "hits_at_5": 0.4142635177128651,
      "hits_at_10": 0.5142013673088875,
      "z_hits_at_k": 6221.12164064456,
      "adjusted_hits_at_k": 0.5140946116138193
    },
    "pessimistic": {
      "standard_deviation": 4006.2867709877946,
      "adjusted_arithmetic_mean_rank": 0.04016175367195274,
      "inverse_arithmetic_mean_rank": 0.001093997540103356,
      "arithmetic_mean_rank": 914.0788377874457,
      "inverse_harmonic_mean_rank": 0.1996527436907324,
      "inverse_median_rank": 0.1111111111111111,
      "z_arithmetic_mean_rank": 298.22664084699244,
      "harmonic_mean_rank": 5.008696507316862,
      "median_rank": 9.0,
      "z_geometric_mean_rank": 179.29894523095453,
      "z_inverse_harmonic_mean_rank": 5955.354908528959,
      "count": 32180.0,
      "inverse_geometric_mean_rank": 0.04772633765248091,
      "adjusted_inverse_harmonic_mean_rank": 0.1994539422858048,
      "median_absolute_deviation": 10.378215529539213,
      "adjusted_geometric_mean_rank_index": 0.9988085353827094,
      "variance": 16050333.69139181,
      "adjusted_arithmetic_mean_rank_index": 0.9598804204594321,
      "geometric_mean_rank": 20.9527914603776,
      "hits_at_1": 0.010099440646364201,
      "hits_at_3": 0.3267868241143567,
      "hits_at_5": 0.4142635177128651,
      "hits_at_10": 0.5142013673088875,
      "z_hits_at_k": 6221.12164064456,
      "adjusted_hits_at_k": 0.5140946116138193
    }
  }
}