{
  "tail": {
    "optimistic": {
      "variance": 790469.2361345066,
      "adjusted_arithmetic_mean_rank_index": 0.9929961997717208,
      "geometric_mean_rank": 1.2976214140065012,
      "standard_deviation": 889.083368495051,
      "adjusted_arithmetic_mean_rank": 0.0071138411860243176,
      "inverse_arithmetic_mean_rank": 0.015577673955256797,
      "inverse_harmonic_mean_rank": 0.8921251144204682,
      "inverse_median_rank": 1.0,
      "z_arithmetic_mean_rank": 378.16584337715085,
      "harmonic_mean_rank": 1.1209190099413446,
      "median_rank": 1.0,
      "z_geometric_mean_rank": 220.19315314652974,
      "z_inverse_harmonic_mean_rank": 20571.49306768639,
      "count": 48350.0,
      "inverse_geometric_mean_rank": 0.7706407964649926,
      "arithmetic_mean_rank": 64.19443640124095,
      "adjusted_inverse_harmonic_mean_rank": 0.8920630441916062,
      "median_absolute_deviation": 0.0,
      "adjusted_geometric_mean_rank_index": 0.9999551791106113,
      "hits_at_1": 0.8421302998965874,
      "hits_at_3": 0.9380144777662874,
      "hits_at_5": 0.957952430196484,
      "hits_at_10": 0.9785522233712513,
      "z_hits_at_k": 9138.104094275055,
      "adjusted_hits_at_k": 0.9785403322169176
    },
    "realistic": {
      "variance": 790469.5625,
      "adjusted_arithmetic_mean_rank_index": 0.9929961939948336,
      "geometric_mean_rank": 1.2976213693618774,
      "standard_deviation": 889.0835571289062,
      "adjusted_arithmetic_mean_rank": 0.0071138469622713495,
      "inverse_arithmetic_mean_rank": 0.015577660873532295,
      "inverse_harmonic_mean_rank": 0.8921250104904175,
      "inverse_median_rank": 1.0,
      "z_arithmetic_mean_rank": 378.16584117712085,
      "harmonic_mean_rank": 1.120919108390808,
      "median_rank": 1.0,
      "z_geometric_mean_rank": 220.19315314801025,
      "z_inverse_harmonic_mean_rank": 20571.490669619892,
      "count": 48350.0,
      "inverse_geometric_mean_rank": 0.7706408500671387,
      "arithmetic_mean_rank": 64.19448852539062,
      "adjusted_inverse_harmonic_mean_rank": 0.8920629402017551,
      "median_absolute_deviation": 0.0,
      "adjusted_geometric_mean_rank_index": 0.9999551791173346,
      "hits_at_1": 0.8421302998965874,
      "hits_at_3": 0.9380144777662874,
      "hits_at_5": 0.957952430196484,
      "hits_at_10": 0.9785522233712513,
      "z_hits_at_k": 9138.104094275055,
      "adjusted_hits_at_k": 0.9785403322169176
    },
    "pessimistic": {
      "variance": 790470.0989484695,
      "adjusted_arithmetic_mean_rank_index": 0.9929961883105647,
      "geometric_mean_rank": 1.2976214730648976,
      "standard_deviation": 889.0838537216101,
      "adjusted_arithmetic_mean_rank": 0.007113852645910415,
      "inverse_arithmetic_mean_rank": 0.015577648860785758,
      "inverse_harmonic_mean_rank": 0.89212511437708,
      "inverse_median_rank": 1.0,
      "z_arithmetic_mean_rank": 378.16583901236294,
      "harmonic_mean_rank": 1.1209190099958601,
      "median_rank": 1.0,
      "z_geometric_mean_rank": 220.19315314457126,
      "z_inverse_harmonic_mean_rank": 20571.493066685256,
      "count": 48350.0,
      "inverse_geometric_mean_rank": 0.7706407613909664,
      "arithmetic_mean_rank": 64.19453981385729,
      "adjusted_inverse_harmonic_mean_rank": 0.8920630441481932,
      "median_absolute_deviation": 0.0,
      "adjusted_geometric_mean_rank_index": 0.9999551791017173,
      "hits_at_1": 0.8421302998965874,
      "hits_at_3": 0.9380144777662874,
      "hits_at_5": 0.957952430196484,
      "hits_at_10": 0.9785522233712513,
      "z_hits_at_k": 9138.104094275055,
      "adjusted_hits_at_k": 0.9785403322169176
    }
  },
  "both": {
    "optimistic": {
      "variance": 790469.2361345066,
      "adjusted_arithmetic_mean_rank_index": 0.9929961997717208,
      "geometric_mean_rank": 1.2976214140065012,
      "standard_deviation": 889.083368495051,
      "adjusted_arithmetic_mean_rank": 0.0071138411860243176,
      "inverse_arithmetic_mean_rank": 0.015577673955256797,
      "inverse_harmonic_mean_rank": 0.8921251144204682,
      "inverse_median_rank": 1.0,
      "z_arithmetic_mean_rank": 378.16584337715085,
      "harmonic_mean_rank": 1.1209190099413446,
      "median_rank": 1.0,
      "z_geometric_mean_rank": 220.19315314652974,
      "z_inverse_harmonic_mean_rank": 20571.49306768639,
      "count": 48350.0,
      "inverse_geometric_mean_rank": 0.7706407964649926,
      "arithmetic_mean_rank": 64.19443640124095,
      "adjusted_inverse_harmonic_mean_rank": 0.8920630441916062,
      "median_absolute_deviation": 0.0,
      "adjusted_geometric_mean_rank_index": 0.9999551791106113,
      "hits_at_1": 0.8421302998965874,
      "hits_at_3": 0.9380144777662874,
      "hits_at_5": 0.957952430196484,
      "hits_at_10": 0.9785522233712513,
      "z_hits_at_k": 9138.104094275055,
      "adjusted_hits_at_k": 0.9785403322169176
    },
    "realistic": {
      "variance": 790469.5625,
      "adjusted_arithmetic_mean_rank_index": 0.9929961939948336,
      "geometric_mean_rank": 1.2976213693618774,
      "standard_deviation": 889.0835571289062,
      "adjusted_arithmetic_mean_rank": 0.0071138469622713495,
      "inverse_arithmetic_mean_rank": 0.015577660873532295,
      "inverse_harmonic_mean_rank": 0.8921250104904175,
      "inverse_median_rank": 1.0,
      "z_arithmetic_mean_rank": 378.16584117712085,
      "harmonic_mean_rank": 1.120919108390808,
      "median_rank": 1.0,
      "z_geometric_mean_rank": 220.19315314801025,
      "z_inverse_harmonic_mean_rank": 20571.490669619892,
      "count": 48350.0,
      "inverse_geometric_mean_rank": 0.7706408500671387,
      "arithmetic_mean_rank": 64.19448852539062,
      "adjusted_inverse_harmonic_mean_rank": 0.8920629402017551,
      "median_absolute_deviation": 0.0,
      "adjusted_geometric_mean_rank_index": 0.9999551791173346,
      "hits_at_1": 0.8421302998965874,
      "hits_at_3": 0.9380144777662874,
      "hits_at_5": 0.957952430196484,
      "hits_at_10": 0.9785522233712513,
      "z_hits_at_k": 9138.104094275055,
      "adjusted_hits_at_k": 0.9785403322169176
    },
    "pessimistic": {
      "variance": 790470.0989484695,
      "adjusted_arithmetic_mean_rank_index": 0.9929961883105647,
      "geometric_mean_rank": 1.2976214730648976,
      "standard_deviation": 889.0838537216101,
      "adjusted_arithmetic_mean_rank": 0.007113852645910415,
      "inverse_arithmetic_mean_rank": 0.015577648860785758,
      "inverse_harmonic_mean_rank": 0.89212511437708,
      "inverse_median_rank": 1.0,
      "z_arithmetic_mean_rank": 378.16583901236294,
      "harmonic_mean_rank": 1.1209190099958601,
      "median_rank": 1.0,
      "z_geometric_mean_rank": 220.19315314457126,
      "z_inverse_harmonic_mean_rank": 20571.493066685256,
      "count": 48350.0,
      "inverse_geometric_mean_rank": 0.7706407613909664,
      "arithmetic_mean_rank": 64.19453981385729,
      "adjusted_inverse_harmonic_mean_rank": 0.8920630441481932,
      "median_absolute_deviation": 0.0,
      "adjusted_geometric_mean_rank_index": 0.9999551791017173,
      "hits_at_1": 0.8421302998965874,
      "hits_at_3": 0.9380144777662874,
      "hits_at_5": 0.957952430196484,
      "hits_at_10": 0.9785522233712513,
      "z_hits_at_k": 9138.104094275055,
      "adjusted_hits_at_k": 0.9785403322169176
    }
  }
}