{
  "tail": {
    "optimistic": {
      "standard_deviation": 3691.916982965338,
      "adjusted_arithmetic_mean_rank": 0.01162868255637862,
      "inverse_arithmetic_mean_rank": 0.002068360541138221,
      "arithmetic_mean_rank": 483.47470381043865,
      "inverse_harmonic_mean_rank": 0.22514630079833522,
      "inverse_median_rank": 0.05,
      "z_arithmetic_mean_rank": 487.8189221582008,
      "harmonic_mean_rank": 4.441556429993072,
      "median_rank": 20.0,
      "z_geometric_mean_rank": 284.8981152538413,
      "z_inverse_harmonic_mean_rank": 14422.737367524891,
      "count": 81198.0,
      "inverse_geometric_mean_rank": 0.04926966621241311,
      "adjusted_inverse_harmonic_mean_rank": 0.2250353407815425,
      "median_absolute_deviation": 28.169442151606436,
      "adjusted_geometric_mean_rank_index": 0.9993692150141404,
      "variance": 13630251.009107882,
      "adjusted_arithmetic_mean_rank_index": 0.9883950906269103,
      "geometric_mean_rank": 20.29646386660638,
      "hits_at_1": 0.1408409074115126,
      "hits_at_3": 0.24051085002093647,
      "hits_at_5": 0.29852952043153774,
      "hits_at_10": 0.3914382127638612,
      "z_hits_at_k": 10168.63247467913,
      "adjusted_hits_at_k": 0.3913650165001027
    },
    "realistic": {
      "standard_deviation": 3691.919677734375,
      "adjusted_arithmetic_mean_rank": 0.011628692029279436,
      "inverse_arithmetic_mean_rank": 0.002068358939141035,
      "arithmetic_mean_rank": 483.47509765625,
      "inverse_harmonic_mean_rank": 0.22514627873897552,
      "inverse_median_rank": 0.05000000074505806,
      "z_arithmetic_mean_rank": 487.81891748277144,
      "harmonic_mean_rank": 4.441556930541992,
      "median_rank": 20.0,
      "z_geometric_mean_rank": 284.8981151907009,
      "z_inverse_harmonic_mean_rank": 14422.73595351627,
      "count": 81198.0,
      "inverse_geometric_mean_rank": 0.049269650131464005,
      "adjusted_inverse_harmonic_mean_rank": 0.22503531871902385,
      "median_absolute_deviation": 28.169443130493164,
      "adjusted_geometric_mean_rank_index": 0.9993692147926556,
      "variance": 13630271.0,
      "adjusted_arithmetic_mean_rank_index": 0.9883950811537816,
      "geometric_mean_rank": 20.296470642089844,
      "hits_at_1": 0.1408409074115126,
      "hits_at_3": 0.24051085002093647,
      "hits_at_5": 0.29852952043153774,
      "hits_at_10": 0.3914382127638612,
      "z_hits_at_k": 10168.63247467913,
      "adjusted_hits_at_k": 0.3913650165001027
    },
    "pessimistic": {
      "standard_deviation": 3691.922580037417,
      "adjusted_arithmetic_mean_rank": 0.011628702699201765,
      "inverse_arithmetic_mean_rank": 0.0020683569583980254,
      "arithmetic_mean_rank": 483.4755412694894,
      "inverse_harmonic_mean_rank": 0.225146231720556,
      "inverse_median_rank": 0.05,
      "z_arithmetic_mean_rank": 487.8189122165421,
      "harmonic_mean_rank": 4.441557792720096,
      "median_rank": 20.0,
      "z_geometric_mean_rank": 284.89811502595643,
      "z_inverse_harmonic_mean_rank": 14422.73293962777,
      "count": 81198.0,
      "inverse_geometric_mean_rank": 0.049269606850632364,
      "adjusted_inverse_harmonic_mean_rank": 0.22503527169387125,
      "median_absolute_deviation": 28.169442151606436,
      "adjusted_geometric_mean_rank_index": 0.9993692142147631,
      "variance": 13630292.336990137,
      "adjusted_arithmetic_mean_rank_index": 0.9883950704836026,
      "geometric_mean_rank": 20.29648832051042,
      "hits_at_1": 0.1408409074115126,
      "hits_at_3": 0.24051085002093647,
      "hits_at_5": 0.29852952043153774,
      "hits_at_10": 0.3914382127638612,
      "z_hits_at_k": 10168.63247467913,
      "adjusted_hits_at_k": 0.3913650165001027
    }
  },
  "both": {
    "optimistic": {
      "standard_deviation": 3691.916982965338,
      "adjusted_arithmetic_mean_rank": 0.01162868255637862,
      "inverse_arithmetic_mean_rank": 0.002068360541138221,
      "arithmetic_mean_rank": 483.47470381043865,
      "inverse_harmonic_mean_rank": 0.22514630079833522,
      "inverse_median_rank": 0.05,
      "z_arithmetic_mean_rank": 487.8189221582008,
      "harmonic_mean_rank": 4.441556429993072,
      "median_rank": 20.0,
      "z_geometric_mean_rank": 284.8981152538413,
      "z_inverse_harmonic_mean_rank": 14422.737367524891,
      "count": 81198.0,
      "inverse_geometric_mean_rank": 0.04926966621241311,
      "adjusted_inverse_harmonic_mean_rank": 0.2250353407815425,
      "median_absolute_deviation": 28.169442151606436,
      "adjusted_geometric_mean_rank_index": 0.9993692150141404,
      "variance": 13630251.009107882,
      "adjusted_arithmetic_mean_rank_index": 0.9883950906269103,
      "geometric_mean_rank": 20.29646386660638,
      "hits_at_1": 0.1408409074115126,
      "hits_at_3": 0.24051085002093647,
      "hits_at_5": 0.29852952043153774,
      "hits_at_10": 0.3914382127638612,
      "z_hits_at_k": 10168.63247467913,
      "adjusted_hits_at_k": 0.3913650165001027
    },
    "realistic": {
      "standard_deviation": 3691.919677734375,
      "adjusted_arithmetic_mean_rank": 0.011628692029279436,
      "inverse_arithmetic_mean_rank": 0.002068358939141035,
      "arithmetic_mean_rank": 483.47509765625,
      "inverse_harmonic_mean_rank": 0.22514627873897552,
      "inverse_median_rank": 0.05000000074505806,
      "z_arithmetic_mean_rank": 487.81891748277144,
      "harmonic_mean_rank": 4.441556930541992,
      "median_rank": 20.0,
      "z_geometric_mean_rank": 284.8981151907009,
      "z_inverse_harmonic_mean_rank": 14422.73595351627,
      "count": 81198.0,
      "inverse_geometric_mean_rank": 0.049269650131464005,
      "adjusted_inverse_harmonic_mean_rank": 0.22503531871902385,
      "median_absolute_deviation": 28.169443130493164,
      "adjusted_geometric_mean_rank_index": 0.9993692147926556,
      "variance": 13630271.0,
      "adjusted_arithmetic_mean_rank_index": 0.9883950811537816,
      "geometric_mean_rank": 20.296470642089844,
      "hits_at_1": 0.1408409074115126,
      "hits_at_3": 0.24051085002093647,
      "hits_at_5": 0.29852952043153774,
      "hits_at_10": 0.3914382127638612,
      "z_hits_at_k": 10168.63247467913,
      "adjusted_hits_at_k": 0.3913650165001027
    },
    "pessimistic": {
      "standard_deviation": 3691.922580037417,
      "adjusted_arithmetic_mean_rank": 0.011628702699201765,
      "inverse_arithmetic_mean_rank": 0.0020683569583980254,
      "arithmetic_mean_rank": 483.4755412694894,
      "inverse_harmonic_mean_rank": 0.225146231720556,
      "inverse_median_rank": 0.05,
      "z_arithmetic_mean_rank": 487.8189122165421,
      "harmonic_mean_rank": 4.441557792720096,
      "median_rank": 20.0,
      "z_geometric_mean_rank": 284.89811502595643,
      "z_inverse_harmonic_mean_rank": 14422.73293962777,
      "count": 81198.0,
      "inverse_geometric_mean_rank": 0.049269606850632364,
      "adjusted_inverse_harmonic_mean_rank": 0.22503527169387125,
      "median_absolute_deviation": 28.169442151606436,
      "adjusted_geometric_mean_rank_index": 0.9993692142147631,
      "variance": 13630292.336990137,
      "adjusted_arithmetic_mean_rank_index": 0.9883950704836026,
      "geometric_mean_rank": 20.29648832051042,
      "hits_at_1": 0.1408409074115126,
      "hits_at_3": 0.24051085002093647,
      "hits_at_5": 0.29852952043153774,
      "hits_at_10": 0.3914382127638612,
      "z_hits_at_k": 10168.63247467913,
      "adjusted_hits_at_k": 0.3913650165001027
    }
  }
}