{
  "tail": {
    "optimistic": {
      "variance": 112261133.79546413,
      "adjusted_arithmetic_mean_rank_index": 0.9442379476669766,
      "geometric_mean_rank": 19.815788169182188,
      "standard_deviation": 10595.335473474359,
      "adjusted_arithmetic_mean_rank": 0.05578160369869119,
      "inverse_arithmetic_mean_rank": 0.0003711971664078619,
      "arithmetic_mean_rank": 2693.986082052215,
      "inverse_harmonic_mean_rank": 0.3711067006741608,
      "inverse_median_rank": 0.14285714285714285,
      "z_arithmetic_mean_rank": 420.0213047884085,
      "harmonic_mean_rank": 2.6946428026855282,
      "median_rank": 7.0,
      "z_geometric_mean_rank": 256.78175162823663,
      "z_inverse_harmonic_mean_rank": 23098.150846495857,
      "count": 65958.0,
      "inverse_geometric_mean_rank": 0.050464810759090324,
      "adjusted_inverse_harmonic_mean_rank": 0.3710281979716414,
      "median_absolute_deviation": 8.895613311033612,
      "adjusted_geometric_mean_rank_index": 0.9994704999058495,
      "hits_at_1": 0.2822402134691774,
      "hits_at_3": 0.4126717001728373,
      "hits_at_5": 0.4681918796810091,
      "hits_at_10": 0.5414506200915734,
      "z_hits_at_k": 13664.600924306116,
      "adjusted_hits_at_k": 0.5414031411284577
    },
    "realistic": {
      "variance": 112261312.0,
      "adjusted_arithmetic_mean_rank_index": 0.9442378819084075,
      "geometric_mean_rank": 19.815793991088867,
      "standard_deviation": 10595.34375,
      "adjusted_arithmetic_mean_rank": 0.05578166945589864,
      "inverse_arithmetic_mean_rank": 0.00037119671469554305,
      "arithmetic_mean_rank": 2693.9892578125,
      "inverse_harmonic_mean_rank": 0.37110668420791626,
      "inverse_median_rank": 0.1428571492433548,
      "z_arithmetic_mean_rank": 420.0212755373071,
      "harmonic_mean_rank": 2.694643020629883,
      "median_rank": 7.0,
      "z_geometric_mean_rank": 256.7817515861443,
      "z_inverse_harmonic_mean_rank": 23098.149821271145,
      "count": 65958.0,
      "inverse_geometric_mean_rank": 0.050464797765016556,
      "adjusted_inverse_harmonic_mean_rank": 0.3710281815033414,
      "median_absolute_deviation": 8.895613670349121,
      "adjusted_geometric_mean_rank_index": 0.9994704997420136,
      "hits_at_1": 0.2822402134691774,
      "hits_at_3": 0.4126717001728373,
      "hits_at_5": 0.4681918796810091,
      "hits_at_10": 0.5414506200915734,
      "z_hits_at_k": 13664.600924306116,
      "adjusted_hits_at_k": 0.5414031411284577
    },
    "pessimistic": {
      "variance": 112261487.10751167,
      "adjusted_arithmetic_mean_rank_index": 0.9442378155011251,
      "geometric_mean_rank": 19.815803263728007,
      "standard_deviation": 10595.35214646081,
      "adjusted_arithmetic_mean_rank": 0.05578173586180605,
      "inverse_arithmetic_mean_rank": 0.00037119628693408827,
      "arithmetic_mean_rank": 2693.992464901907,
      "inverse_harmonic_mean_rank": 0.3711066995857294,
      "inverse_median_rank": 0.14285714285714285,
      "z_arithmetic_mean_rank": 420.0212459976413,
      "harmonic_mean_rank": 2.694642810588737,
      "median_rank": 7.0,
      "z_geometric_mean_rank": 256.7817515191032,
      "z_inverse_harmonic_mean_rank": 23098.150778727715,
      "count": 65958.0,
      "inverse_geometric_mean_rank": 0.05046477231788316,
      "adjusted_inverse_harmonic_mean_rank": 0.3710281968830741,
      "median_absolute_deviation": 8.895613311033612,
      "adjusted_geometric_mean_rank_index": 0.9994704994810699,
      "hits_at_1": 0.2822402134691774,
      "hits_at_3": 0.4126717001728373,
      "hits_at_5": 0.4681918796810091,
      "hits_at_10": 0.5414506200915734,
      "z_hits_at_k": 13664.600924306116,
      "adjusted_hits_at_k": 0.5414031411284577
    }
  },
  "both": {
    "optimistic": {
      "variance": 112261133.79546413,
      "adjusted_arithmetic_mean_rank_index": 0.9442379476669766,
      "geometric_mean_rank": 19.815788169182188,
      "standard_deviation": 10595.335473474359,
      "adjusted_arithmetic_mean_rank": 0.05578160369869119,
      "inverse_arithmetic_mean_rank": 0.0003711971664078619,
      "arithmetic_mean_rank": 2693.986082052215,
      "inverse_harmonic_mean_rank": 0.3711067006741608,
      "inverse_median_rank": 0.14285714285714285,
      "z_arithmetic_mean_rank": 420.0213047884085,
      "harmonic_mean_rank": 2.6946428026855282,
      "median_rank": 7.0,
      "z_geometric_mean_rank": 256.78175162823663,
      "z_inverse_harmonic_mean_rank": 23098.150846495857,
      "count": 65958.0,
      "inverse_geometric_mean_rank": 0.050464810759090324,
      "adjusted_inverse_harmonic_mean_rank": 0.3710281979716414,
      "median_absolute_deviation": 8.895613311033612,
      "adjusted_geometric_mean_rank_index": 0.9994704999058495,
      "hits_at_1": 0.2822402134691774,
      "hits_at_3": 0.4126717001728373,
      "hits_at_5": 0.4681918796810091,
      "hits_at_10": 0.5414506200915734,
      "z_hits_at_k": 13664.600924306116,
      "adjusted_hits_at_k": 0.5414031411284577
    },
    "realistic": {
      "variance": 112261312.0,
      "adjusted_arithmetic_mean_rank_index": 0.9442378819084075,
      "geometric_mean_rank": 19.815793991088867,
      "standard_deviation": 10595.34375,
      "adjusted_arithmetic_mean_rank": 0.05578166945589864,
      "inverse_arithmetic_mean_rank": 0.00037119671469554305,
      "arithmetic_mean_rank": 2693.9892578125,
      "inverse_harmonic_mean_rank": 0.37110668420791626,
      "inverse_median_rank": 0.1428571492433548,
      "z_arithmetic_mean_rank": 420.0212755373071,
      "harmonic_mean_rank": 2.694643020629883,
      "median_rank": 7.0,
      "z_geometric_mean_rank": 256.7817515861443,
      "z_inverse_harmonic_mean_rank": 23098.149821271145,
      "count": 65958.0,
      "inverse_geometric_mean_rank": 0.050464797765016556,
      "adjusted_inverse_harmonic_mean_rank": 0.3710281815033414,
      "median_absolute_deviation": 8.895613670349121,
      "adjusted_geometric_mean_rank_index": 0.9994704997420136,
      "hits_at_1": 0.2822402134691774,
      "hits_at_3": 0.4126717001728373,
      "hits_at_5": 0.4681918796810091,
      "hits_at_10": 0.5414506200915734,
      "z_hits_at_k": 13664.600924306116,
      "adjusted_hits_at_k": 0.5414031411284577
    },
    "pessimistic": {
      "variance": 112261487.10751167,
      "adjusted_arithmetic_mean_rank_index": 0.9442378155011251,
      "geometric_mean_rank": 19.815803263728007,
      "standard_deviation": 10595.35214646081,
      "adjusted_arithmetic_mean_rank": 0.05578173586180605,
      "inverse_arithmetic_mean_rank": 0.00037119628693408827,
      "arithmetic_mean_rank": 2693.992464901907,
      "inverse_harmonic_mean_rank": 0.3711066995857294,
      "inverse_median_rank": 0.14285714285714285,
      "z_arithmetic_mean_rank": 420.0212459976413,
      "harmonic_mean_rank": 2.694642810588737,
      "median_rank": 7.0,
      "z_geometric_mean_rank": 256.7817515191032,
      "z_inverse_harmonic_mean_rank": 23098.150778727715,
      "count": 65958.0,
      "inverse_geometric_mean_rank": 0.05046477231788316,
      "adjusted_inverse_harmonic_mean_rank": 0.3710281968830741,
      "median_absolute_deviation": 8.895613311033612,
      "adjusted_geometric_mean_rank_index": 0.9994704994810699,
      "hits_at_1": 0.2822402134691774,
      "hits_at_3": 0.4126717001728373,
      "hits_at_5": 0.4681918796810091,
      "hits_at_10": 0.5414506200915734,
      "z_hits_at_k": 13664.600924306116,
      "adjusted_hits_at_k": 0.5414031411284577
    }
  }
}