{
  "tail": {
    "optimistic": {
      "z_inverse_harmonic_mean_rank": 9670.149705059926,
      "count": 72969.0,
      "inverse_geometric_mean_rank": 0.01590596932361484,
      "adjusted_inverse_harmonic_mean_rank": 0.12366548693000701,
      "median_absolute_deviation": 42.99546433666246,
      "adjusted_geometric_mean_rank_index": 0.9987793407508949,
      "variance": 237382389.22839358,
      "adjusted_arithmetic_mean_rank_index": 0.9349439545517215,
      "geometric_mean_rank": 62.86947872553402,
      "standard_deviation": 15407.218737604577,
      "adjusted_arithmetic_mean_rank": 0.0650696176992508,
      "inverse_arithmetic_mean_rank": 0.00022309408147902526,
      "arithmetic_mean_rank": 4482.413846976113,
      "inverse_harmonic_mean_rank": 0.12374442767781646,
      "inverse_median_rank": 0.03225806451612903,
      "z_arithmetic_mean_rank": 437.4337120521654,
      "harmonic_mean_rank": 8.081171966818745,
      "median_rank": 31.0,
      "z_geometric_mean_rank": 269.87693336796633,
      "hits_at_1": 0.003289067960366731,
      "hits_at_3": 0.17976126848387672,
      "hits_at_5": 0.25190149241458704,
      "hits_at_10": 0.349874604284011,
      "z_hits_at_k": 11091.429998470116,
      "adjusted_hits_at_k": 0.349827412313077
    },
    "realistic": {
      "z_inverse_harmonic_mean_rank": 9670.142750697196,
      "count": 72969.0,
      "inverse_geometric_mean_rank": 0.015905946493148804,
      "adjusted_inverse_harmonic_mean_rank": 0.12366539799501845,
      "median_absolute_deviation": 42.99546432495117,
      "adjusted_geometric_mean_rank_index": 0.9987793389168275,
      "variance": 237382720.0,
      "adjusted_arithmetic_mean_rank_index": 0.9349439018048273,
      "geometric_mean_rank": 62.869571685791016,
      "standard_deviation": 15407.2294921875,
      "adjusted_arithmetic_mean_rank": 0.06506967044537933,
      "inverse_arithmetic_mean_rank": 0.00022309389896690845,
      "arithmetic_mean_rank": 4482.41748046875,
      "inverse_harmonic_mean_rank": 0.12374433875083923,
      "inverse_median_rank": 0.032258063554763794,
      "z_arithmetic_mean_rank": 437.4336873733923,
      "harmonic_mean_rank": 8.081177711486816,
      "median_rank": 31.0,
      "z_geometric_mean_rank": 269.8769328723889,
      "hits_at_1": 0.003289067960366731,
      "hits_at_3": 0.17976126848387672,
      "hits_at_5": 0.25190149241458704,
      "hits_at_10": 0.349874604284011,
      "z_hits_at_k": 11091.429998470116,
      "adjusted_hits_at_k": 0.349827412313077
    },
    "pessimistic": {
      "z_inverse_harmonic_mean_rank": 9670.137316630588,
      "count": 72969.0,
      "inverse_geometric_mean_rank": 0.01590592402398475,
      "adjusted_inverse_harmonic_mean_rank": 0.12366532850214464,
      "median_absolute_deviation": 42.99546433666246,
      "adjusted_geometric_mean_rank_index": 0.9987793372183019,
      "variance": 237383022.8311445,
      "adjusted_arithmetic_mean_rank_index": 0.9349438419485441,
      "geometric_mean_rank": 62.86965777606425,
      "standard_deviation": 15407.239299470379,
      "adjusted_arithmetic_mean_rank": 0.06506973030079355,
      "inverse_arithmetic_mean_rank": 0.0002230936954202905,
      "arithmetic_mean_rank": 4482.42160369472,
      "inverse_harmonic_mean_rank": 0.12374426926422537,
      "inverse_median_rank": 0.03225806451612903,
      "z_arithmetic_mean_rank": 437.43365936833806,
      "harmonic_mean_rank": 8.081182312085472,
      "median_rank": 31.0,
      "z_geometric_mean_rank": 269.87693241343584,
      "hits_at_1": 0.003289067960366731,
      "hits_at_3": 0.17976126848387672,
      "hits_at_5": 0.25190149241458704,
      "hits_at_10": 0.349874604284011,
      "z_hits_at_k": 11091.429998470116,
      "adjusted_hits_at_k": 0.349827412313077
    }
  },
  "both": {
    "optimistic": {
      "z_inverse_harmonic_mean_rank": 9670.149705059926,
      "count": 72969.0,
      "inverse_geometric_mean_rank": 0.01590596932361484,
      "adjusted_inverse_harmonic_mean_rank": 0.12366548693000701,
      "median_absolute_deviation": 42.99546433666246,
      "adjusted_geometric_mean_rank_index": 0.9987793407508949,
      "variance": 237382389.22839358,
      "adjusted_arithmetic_mean_rank_index": 0.9349439545517215,
      "geometric_mean_rank": 62.86947872553402,
      "standard_deviation": 15407.218737604577,
      "adjusted_arithmetic_mean_rank": 0.0650696176992508,
      "inverse_arithmetic_mean_rank": 0.00022309408147902526,
      "arithmetic_mean_rank": 4482.413846976113,
      "inverse_harmonic_mean_rank": 0.12374442767781646,
      "inverse_median_rank": 0.03225806451612903,
      "z_arithmetic_mean_rank": 437.4337120521654,
      "harmonic_mean_rank": 8.081171966818745,
      "median_rank": 31.0,
      "z_geometric_mean_rank": 269.87693336796633,
      "hits_at_1": 0.003289067960366731,
      "hits_at_3": 0.17976126848387672,
      "hits_at_5": 0.25190149241458704,
      "hits_at_10": 0.349874604284011,
      "z_hits_at_k": 11091.429998470116,
      "adjusted_hits_at_k": 0.349827412313077
    },
    "realistic": {
      "z_inverse_harmonic_mean_rank": 9670.142750697196,
      "count": 72969.0,
      "inverse_geometric_mean_rank": 0.015905946493148804,
      "adjusted_inverse_harmonic_mean_rank": 0.12366539799501845,
      "median_absolute_deviation": 42.99546432495117,
      "adjusted_geometric_mean_rank_index": 0.9987793389168275,
      "variance": 237382720.0,
      "adjusted_arithmetic_mean_rank_index": 0.9349439018048273,
      "geometric_mean_rank": 62.869571685791016,
      "standard_deviation": 15407.2294921875,
      "adjusted_arithmetic_mean_rank": 0.06506967044537933,
      "inverse_arithmetic_mean_rank": 0.00022309389896690845,
      "arithmetic_mean_rank": 4482.41748046875,
      "inverse_harmonic_mean_rank": 0.12374433875083923,
      "inverse_median_rank": 0.032258063554763794,
      "z_arithmetic_mean_rank": 437.4336873733923,
      "harmonic_mean_rank": 8.081177711486816,
      "median_rank": 31.0,
      "z_geometric_mean_rank": 269.8769328723889,
      "hits_at_1": 0.003289067960366731,
      "hits_at_3": 0.17976126848387672,
      "hits_at_5": 0.25190149241458704,
      "hits_at_10": 0.349874604284011,
      "z_hits_at_k": 11091.429998470116,
      "adjusted_hits_at_k": 0.349827412313077
    },
    "pessimistic": {
      "z_inverse_harmonic_mean_rank": 9670.137316630588,
      "count": 72969.0,
      "inverse_geometric_mean_rank": 0.01590592402398475,
      "adjusted_inverse_harmonic_mean_rank": 0.12366532850214464,
      "median_absolute_deviation": 42.99546433666246,
      "adjusted_geometric_mean_rank_index": 0.9987793372183019,
      "variance": 237383022.8311445,
      "adjusted_arithmetic_mean_rank_index": 0.9349438419485441,
      "geometric_mean_rank": 62.86965777606425,
      "standard_deviation": 15407.239299470379,
      "adjusted_arithmetic_mean_rank": 0.06506973030079355,
      "inverse_arithmetic_mean_rank": 0.0002230936954202905,
      "arithmetic_mean_rank": 4482.42160369472,
      "inverse_harmonic_mean_rank": 0.12374426926422537,
      "inverse_median_rank": 0.03225806451612903,
      "z_arithmetic_mean_rank": 437.43365936833806,
      "harmonic_mean_rank": 8.081182312085472,
      "median_rank": 31.0,
      "z_geometric_mean_rank": 269.87693241343584,
      "hits_at_1": 0.003289067960366731,
      "hits_at_3": 0.17976126848387672,
      "hits_at_5": 0.25190149241458704,
      "hits_at_10": 0.349874604284011,
      "z_hits_at_k": 11091.429998470116,
      "adjusted_hits_at_k": 0.349827412313077
    }
  }
}