{
  "tail": {
    "optimistic": {
      "median_absolute_deviation": 20.756431059078427,
      "adjusted_geometric_mean_rank_index": 0.9969487507637815,
      "variance": 1846977.584975038,
      "adjusted_arithmetic_mean_rank_index": 0.9659262600075923,
      "geometric_mean_rank": 21.261023923300247,
      "standard_deviation": 1359.0355348463254,
      "adjusted_arithmetic_mean_rank": 0.03418078113796994,
      "inverse_arithmetic_mean_rank": 0.0032420879475531426,
      "inverse_harmonic_mean_rank": 0.18680683550300392,
      "inverse_median_rank": 0.0625,
      "z_arithmetic_mean_rank": 367.85671369123287,
      "harmonic_mean_rank": 5.353123172968259,
      "median_rank": 16.0,
      "z_geometric_mean_rank": 219.5311285366004,
      "z_inverse_harmonic_mean_rank": 4297.0842290763885,
      "count": 48350.0,
      "inverse_geometric_mean_rank": 0.04703442334703769,
      "arithmetic_mean_rank": 308.4432057911065,
      "adjusted_inverse_harmonic_mean_rank": 0.18633893154595121,
      "hits_at_1": 0.08626680455015512,
      "hits_at_3": 0.20103412616339195,
      "hits_at_5": 0.2784488107549121,
      "hits_at_10": 0.4068045501551189,
      "z_hits_at_k": 3795.8751918004864,
      "adjusted_hits_at_k": 0.406475668576095
    },
    "realistic": {
      "median_absolute_deviation": 20.756431579589844,
      "adjusted_geometric_mean_rank_index": 0.9969487503934416,
      "variance": 1846977.5,
      "adjusted_arithmetic_mean_rank_index": 0.9659262598972058,
      "geometric_mean_rank": 21.26102638244629,
      "standard_deviation": 1359.0355224609375,
      "adjusted_arithmetic_mean_rank": 0.03418078124834409,
      "inverse_arithmetic_mean_rank": 0.0032420880161225796,
      "inverse_harmonic_mean_rank": 0.1868068277835846,
      "inverse_median_rank": 0.0625,
      "z_arithmetic_mean_rank": 367.8567136491941,
      "harmonic_mean_rank": 5.353123188018799,
      "median_rank": 16.0,
      "z_geometric_mean_rank": 219.5311284550504,
      "z_inverse_harmonic_mean_rank": 4297.084050959657,
      "count": 48350.0,
      "inverse_geometric_mean_rank": 0.04703441634774208,
      "arithmetic_mean_rank": 308.4432067871094,
      "adjusted_inverse_harmonic_mean_rank": 0.18633892382209022,
      "hits_at_1": 0.08626680455015512,
      "hits_at_3": 0.20103412616339195,
      "hits_at_5": 0.2784488107549121,
      "hits_at_10": 0.4068045501551189,
      "z_hits_at_k": 3795.8751918004864,
      "adjusted_hits_at_k": 0.406475668576095
    },
    "pessimistic": {
      "median_absolute_deviation": 20.756431059078427,
      "adjusted_geometric_mean_rank_index": 0.9969487507637815,
      "variance": 1846977.584975038,
      "adjusted_arithmetic_mean_rank_index": 0.9659262600075923,
      "geometric_mean_rank": 21.261023923300247,
      "standard_deviation": 1359.0355348463254,
      "adjusted_arithmetic_mean_rank": 0.03418078113796994,
      "inverse_arithmetic_mean_rank": 0.0032420879475531426,
      "inverse_harmonic_mean_rank": 0.18680683550300392,
      "inverse_median_rank": 0.0625,
      "z_arithmetic_mean_rank": 367.85671369123287,
      "harmonic_mean_rank": 5.353123172968259,
      "median_rank": 16.0,
      "z_geometric_mean_rank": 219.5311285366004,
      "z_inverse_harmonic_mean_rank": 4297.0842290763885,
      "count": 48350.0,
      "inverse_geometric_mean_rank": 0.04703442334703769,
      "arithmetic_mean_rank": 308.4432057911065,
      "adjusted_inverse_harmonic_mean_rank": 0.18633893154595121,
      "hits_at_1": 0.08626680455015512,
      "hits_at_3": 0.20103412616339195,
      "hits_at_5": 0.2784488107549121,
      "hits_at_10": 0.4068045501551189,
      "z_hits_at_k": 3795.8751918004864,
      "adjusted_hits_at_k": 0.406475668576095
    }
  },
  "both": {
    "optimistic": {
      "median_absolute_deviation": 20.756431059078427,
      "adjusted_geometric_mean_rank_index": 0.9969487507637815,
      "variance": 1846977.584975038,
      "adjusted_arithmetic_mean_rank_index": 0.9659262600075923,
      "geometric_mean_rank": 21.261023923300247,
      "standard_deviation": 1359.0355348463254,
      "adjusted_arithmetic_mean_rank": 0.03418078113796994,
      "inverse_arithmetic_mean_rank": 0.0032420879475531426,
      "inverse_harmonic_mean_rank": 0.18680683550300392,
      "inverse_median_rank": 0.0625,
      "z_arithmetic_mean_rank": 367.85671369123287,
      "harmonic_mean_rank": 5.353123172968259,
      "median_rank": 16.0,
      "z_geometric_mean_rank": 219.5311285366004,
      "z_inverse_harmonic_mean_rank": 4297.0842290763885,
      "count": 48350.0,
      "inverse_geometric_mean_rank": 0.04703442334703769,
      "arithmetic_mean_rank": 308.4432057911065,
      "adjusted_inverse_harmonic_mean_rank": 0.18633893154595121,
      "hits_at_1": 0.08626680455015512,
      "hits_at_3": 0.20103412616339195,
      "hits_at_5": 0.2784488107549121,
      "hits_at_10": 0.4068045501551189,
      "z_hits_at_k": 3795.8751918004864,
      "adjusted_hits_at_k": 0.406475668576095
    },
    "realistic": {
      "median_absolute_deviation": 20.756431579589844,
      "adjusted_geometric_mean_rank_index": 0.9969487503934416,
      "variance": 1846977.5,
      "adjusted_arithmetic_mean_rank_index": 0.9659262598972058,
      "geometric_mean_rank": 21.26102638244629,
      "standard_deviation": 1359.0355224609375,
      "adjusted_arithmetic_mean_rank": 0.03418078124834409,
      "inverse_arithmetic_mean_rank": 0.0032420880161225796,
      "inverse_harmonic_mean_rank": 0.1868068277835846,
      "inverse_median_rank": 0.0625,
      "z_arithmetic_mean_rank": 367.8567136491941,
      "harmonic_mean_rank": 5.353123188018799,
      "median_rank": 16.0,
      "z_geometric_mean_rank": 219.5311284550504,
      "z_inverse_harmonic_mean_rank": 4297.084050959657,
      "count": 48350.0,
      "inverse_geometric_mean_rank": 0.04703441634774208,
      "arithmetic_mean_rank": 308.4432067871094,
      "adjusted_inverse_harmonic_mean_rank": 0.18633892382209022,
      "hits_at_1": 0.08626680455015512,
      "hits_at_3": 0.20103412616339195,
      "hits_at_5": 0.2784488107549121,
      "hits_at_10": 0.4068045501551189,
      "z_hits_at_k": 3795.8751918004864,
      "adjusted_hits_at_k": 0.406475668576095
    },
    "pessimistic": {
      "median_absolute_deviation": 20.756431059078427,
      "adjusted_geometric_mean_rank_index": 0.9969487507637815,
      "variance": 1846977.584975038,
      "adjusted_arithmetic_mean_rank_index": 0.9659262600075923,
      "geometric_mean_rank": 21.261023923300247,
      "standard_deviation": 1359.0355348463254,
      "adjusted_arithmetic_mean_rank": 0.03418078113796994,
      "inverse_arithmetic_mean_rank": 0.0032420879475531426,
      "inverse_harmonic_mean_rank": 0.18680683550300392,
      "inverse_median_rank": 0.0625,
      "z_arithmetic_mean_rank": 367.85671369123287,
      "harmonic_mean_rank": 5.353123172968259,
      "median_rank": 16.0,
      "z_geometric_mean_rank": 219.5311285366004,
      "z_inverse_harmonic_mean_rank": 4297.0842290763885,
      "count": 48350.0,
      "inverse_geometric_mean_rank": 0.04703442334703769,
      "arithmetic_mean_rank": 308.4432057911065,
      "adjusted_inverse_harmonic_mean_rank": 0.18633893154595121,
      "hits_at_1": 0.08626680455015512,
      "hits_at_3": 0.20103412616339195,
      "hits_at_5": 0.2784488107549121,
      "hits_at_10": 0.4068045501551189,
      "z_hits_at_k": 3795.8751918004864,
      "adjusted_hits_at_k": 0.406475668576095
    }
  }
}