{
  "tail": {
    "optimistic": {
      "inverse_harmonic_mean_rank": 0.19823921393865762,
      "inverse_median_rank": 0.045454545454545456,
      "z_arithmetic_mean_rank": 429.5511669437654,
      "harmonic_mean_rank": 5.0444106397104465,
      "median_rank": 22.0,
      "z_geometric_mean_rank": 256.67325070509594,
      "z_inverse_harmonic_mean_rank": 12335.03976757017,
      "count": 65958.0,
      "inverse_geometric_mean_rank": 0.028716777686051475,
      "adjusted_inverse_harmonic_mean_rank": 0.19813913275072412,
      "median_absolute_deviation": 31.134646588617642,
      "adjusted_geometric_mean_rank_index": 0.9990481822325568,
      "variance": 54605315.15285959,
      "adjusted_arithmetic_mean_rank_index": 0.9656617596987411,
      "geometric_mean_rank": 34.82284854284774,
      "standard_deviation": 7389.5409297776805,
      "adjusted_arithmetic_mean_rank": 0.03435823526780506,
      "inverse_arithmetic_mean_rank": 0.0006026494978350284,
      "arithmetic_mean_rank": 1659.3393068316202,
      "hits_at_1": 0.09921465174808211,
      "hits_at_3": 0.2329512720215895,
      "hits_at_5": 0.2997665180872677,
      "hits_at_10": 0.39614603232359985,
      "z_hits_at_k": 9996.844610282371,
      "adjusted_hits_at_k": 0.3960835082825373
    },
    "realistic": {
      "inverse_harmonic_mean_rank": 0.19823920726776123,
      "inverse_median_rank": 0.04545454680919647,
      "z_arithmetic_mean_rank": 429.55116537142356,
      "harmonic_mean_rank": 5.044410705566406,
      "median_rank": 22.0,
      "z_geometric_mean_rank": 256.6732506722318,
      "z_inverse_harmonic_mean_rank": 12335.039352225444,
      "count": 65958.0,
      "inverse_geometric_mean_rank": 0.02871677465736866,
      "adjusted_inverse_harmonic_mean_rank": 0.19813912607899503,
      "median_absolute_deviation": 31.134647369384766,
      "adjusted_geometric_mean_rank_index": 0.9990481821046397,
      "variance": 54605320.0,
      "adjusted_arithmetic_mean_rank_index": 0.9656617561640042,
      "geometric_mean_rank": 34.822853088378906,
      "standard_deviation": 7389.541015625,
      "adjusted_arithmetic_mean_rank": 0.034358238802468785,
      "inverse_arithmetic_mean_rank": 0.0006026494083926082,
      "arithmetic_mean_rank": 1659.3394775390625,
      "hits_at_1": 0.09921465174808211,
      "hits_at_3": 0.2329512720215895,
      "hits_at_5": 0.2997665180872677,
      "hits_at_10": 0.39614603232359985,
      "z_hits_at_k": 9996.844610282371,
      "adjusted_hits_at_k": 0.3960835082825373
    },
    "pessimistic": {
      "inverse_harmonic_mean_rank": 0.19823921370433453,
      "inverse_median_rank": 0.045454545454545456,
      "z_arithmetic_mean_rank": 429.55116470943693,
      "harmonic_mean_rank": 5.04441064567305,
      "median_rank": 22.0,
      "z_geometric_mean_rank": 256.6732506798133,
      "z_inverse_harmonic_mean_rank": 12335.039752980698,
      "count": 65958.0,
      "inverse_geometric_mean_rank": 0.02871677480230977,
      "adjusted_inverse_harmonic_mean_rank": 0.1981391325163718,
      "median_absolute_deviation": 31.134646588617642,
      "adjusted_geometric_mean_rank_index": 0.9990481821341491,
      "variance": 54605320.579784885,
      "adjusted_arithmetic_mean_rank_index": 0.9656617546758108,
      "geometric_mean_rank": 34.82285203976204,
      "standard_deviation": 7389.541296980814,
      "adjusted_arithmetic_mean_rank": 0.034358240290631274,
      "inverse_arithmetic_mean_rank": 0.0006026494097337848,
      "arithmetic_mean_rank": 1659.3395494102308,
      "hits_at_1": 0.09921465174808211,
      "hits_at_3": 0.2329512720215895,
      "hits_at_5": 0.2997665180872677,
      "hits_at_10": 0.39614603232359985,
      "z_hits_at_k": 9996.844610282371,
      "adjusted_hits_at_k": 0.3960835082825373
    }
  },
  "both": {
    "optimistic": {
      "inverse_harmonic_mean_rank": 0.19823921393865762,
      "inverse_median_rank": 0.045454545454545456,
      "z_arithmetic_mean_rank": 429.5511669437654,
      "harmonic_mean_rank": 5.0444106397104465,
      "median_rank": 22.0,
      "z_geometric_mean_rank": 256.67325070509594,
      "z_inverse_harmonic_mean_rank": 12335.03976757017,
      "count": 65958.0,
      "inverse_geometric_mean_rank": 0.028716777686051475,
      "adjusted_inverse_harmonic_mean_rank": 0.19813913275072412,
      "median_absolute_deviation": 31.134646588617642,
      "adjusted_geometric_mean_rank_index": 0.9990481822325568,
      "variance": 54605315.15285959,
      "adjusted_arithmetic_mean_rank_index": 0.9656617596987411,
      "geometric_mean_rank": 34.82284854284774,
      "standard_deviation": 7389.5409297776805,
      "adjusted_arithmetic_mean_rank": 0.03435823526780506,
      "inverse_arithmetic_mean_rank": 0.0006026494978350284,
      "arithmetic_mean_rank": 1659.3393068316202,
      "hits_at_1": 0.09921465174808211,
      "hits_at_3": 0.2329512720215895,
      "hits_at_5": 0.2997665180872677,
      "hits_at_10": 0.39614603232359985,
      "z_hits_at_k": 9996.844610282371,
      "adjusted_hits_at_k": 0.3960835082825373
    },
    "realistic": {
      "inverse_harmonic_mean_rank": 0.19823920726776123,
      "inverse_median_rank": 0.04545454680919647,
      "z_arithmetic_mean_rank": 429.55116537142356,
      "harmonic_mean_rank": 5.044410705566406,
      "median_rank": 22.0,
      "z_geometric_mean_rank": 256.6732506722318,
      "z_inverse_harmonic_mean_rank": 12335.039352225444,
      "count": 65958.0,
      "inverse_geometric_mean_rank": 0.02871677465736866,
      "adjusted_inverse_harmonic_mean_rank": 0.19813912607899503,
      "median_absolute_deviation": 31.134647369384766,
      "adjusted_geometric_mean_rank_index": 0.9990481821046397,
      "variance": 54605320.0,
      "adjusted_arithmetic_mean_rank_index": 0.9656617561640042,
      "geometric_mean_rank": 34.822853088378906,
      "standard_deviation": 7389.541015625,
      "adjusted_arithmetic_mean_rank": 0.034358238802468785,
      "inverse_arithmetic_mean_rank": 0.0006026494083926082,
      "arithmetic_mean_rank": 1659.3394775390625,
      "hits_at_1": 0.09921465174808211,
      "hits_at_3": 0.2329512720215895,
      "hits_at_5": 0.2997665180872677,
      "hits_at_10": 0.39614603232359985,
      "z_hits_at_k": 9996.844610282371,
      "adjusted_hits_at_k": 0.3960835082825373
    },
    "pessimistic": {
      "inverse_harmonic_mean_rank": 0.19823921370433453,
      "inverse_median_rank": 0.045454545454545456,
      "z_arithmetic_mean_rank": 429.55116470943693,
      "harmonic_mean_rank": 5.04441064567305,
      "median_rank": 22.0,
      "z_geometric_mean_rank": 256.6732506798133,
      "z_inverse_harmonic_mean_rank": 12335.039752980698,
      "count": 65958.0,
      "inverse_geometric_mean_rank": 0.02871677480230977,
      "adjusted_inverse_harmonic_mean_rank": 0.1981391325163718,
      "median_absolute_deviation": 31.134646588617642,
      "adjusted_geometric_mean_rank_index": 0.9990481821341491,
      "variance": 54605320.579784885,
      "adjusted_arithmetic_mean_rank_index": 0.9656617546758108,
      "geometric_mean_rank": 34.82285203976204,
      "standard_deviation": 7389.541296980814,
      "adjusted_arithmetic_mean_rank": 0.034358240290631274,
      "inverse_arithmetic_mean_rank": 0.0006026494097337848,
      "arithmetic_mean_rank": 1659.3395494102308,
      "hits_at_1": 0.09921465174808211,
      "hits_at_3": 0.2329512720215895,
      "hits_at_5": 0.2997665180872677,
      "hits_at_10": 0.39614603232359985,
      "z_hits_at_k": 9996.844610282371,
      "adjusted_hits_at_k": 0.3960835082825373
    }
  }
}